frame,time_s,N,S,E,W,total
1,0.1,4,3,18,3,28
2,0.2,5,3,18,3,29
3,0.3,5,3,18,3,29
4,0.4,5,3,18,4,30
5,0.5,5,3,18,4,30
6,0.6,5,3,19,4,31
7,0.7,5,3,19,4,31
8,0.8,5,3,19,4,31
9,0.9,4,3,19,4,30
10,1.0,4,3,19,4,30
11,1.1,4,3,19,4,30
12,1.2,4,3,19,4,30
13,1.3,4,2,19,3,28
14,1.4,4,2,19,4,29
15,1.5,5,2,20,4,31
16,1.6,5,2,20,3,30
17,1.7,5,2,21,4,32
18,1.8,5,2,21,3,31
19,1.9,5,2,21,3,31
20,2.0,5,2,21,4,32
21,2.1,5,2,21,4,32
22,2.2,5,2,21,4,32
23,2.3,5,2,21,4,32
24,2.4,5,2,20,5,32
25,2.5,5,2,20,5,32
26,2.6,4,3,20,5,32
27,2.7,4,3,20,5,32
28,2.8,4,3,21,5,33
29,2.9,4,3,21,5,33
30,3.0,3,3,21,5,32
31,3.1,3,3,21,4,31
32,3.2,3,3,20,5,31
33,3.3,3,3,20,5,31
34,3.4,3,3,20,5,31
35,3.5,3,3,20,5,31
36,3.6,3,3,20,5,31
37,3.7,3,3,21,5,32
38,3.8,3,3,21,5,32
39,3.9,3,3,20,5,31
40,4.0,3,3,21,5,32
41,4.1,3,4,21,5,33
42,4.2,3,4,21,5,33
43,4.3,3,4,21,5,33
44,4.4,3,4,21,5,33
45,4.5,3,4,21,5,33
46,4.6,3,4,21,5,33
47,4.7,3,4,21,5,33
48,4.8,3,4,21,5,33
49,4.9,3,4,21,5,33
50,5.0,3,4,21,5,33
51,5.1,3,4,20,5,32
52,5.2,3,4,21,5,33
53,5.3,3,4,21,5,33
54,5.4,2,4,21,4,31
55,5.5,2,4,21,4,31
56,5.6,3,4,21,4,32
57,5.7,3,4,21,4,32
58,5.8,3,4,21,4,32
59,5.9,3,4,21,5,33
60,6.0,3,4,21,5,33
61,6.1,3,4,21,5,33
62,6.2,3,4,21,5,33
63,6.3,3,4,21,5,33
64,6.4,3,4,21,5,33
65,6.5,3,4,22,5,34
66,6.6,3,4,22,5,34
67,6.7,3,4,22,5,34
68,6.8,3,4,22,5,34
69,6.9,3,5,22,4,34
70,7.0,3,5,22,4,34
71,7.1,3,5,22,4,34
72,7.2,3,5,22,4,34
73,7.3,3,5,22,4,34
74,7.4,3,5,22,5,35
75,7.5,3,5,22,5,35
76,7.6,3,5,22,5,35
77,7.7,3,5,22,4,34
78,7.8,3,5,22,5,35
79,7.9,3,5,22,4,34
80,8.0,3,5,22,5,35
81,8.1,3,5,22,4,34
82,8.2,3,6,22,5,36
83,8.3,3,6,22,4,35
84,8.4,3,6,22,4,35
85,8.5,3,6,21,4,34
86,8.6,2,6,21,4,33
87,8.7,2,6,21,4,33
88,8.8,2,6,22,4,34
89,8.9,2,6,21,4,33
90,9.0,2,6,22,4,34
91,9.1,2,6,22,4,34
92,9.2,2,7,22,4,35
93,9.3,2,7,22,4,35
94,9.4,2,7,22,4,35
95,9.5,2,7,21,4,34
96,9.6,2,7,21,4,34
97,9.7,2,7,21,4,34
98,9.8,2,7,20,4,33
99,9.9,2,7,19,4,32
100,10.0,2,7,20,5,34
101,10.1,2,7,20,5,34
102,10.2,2,7,19,5,33
103,10.3,2,7,19,5,33
104,10.4,2,7,19,5,33
105,10.5,2,6,20,5,33
106,10.6,2,6,20,5,33
107,10.7,2,6,20,5,33
108,10.8,2,6,20,5,33
109,10.9,2,6,20,4,32
110,11.0,2,6,20,4,32
111,11.1,2,6,19,5,32
112,11.2,2,5,19,5,31
113,11.3,2,5,20,5,32
114,11.4,2,5,19,5,31
115,11.5,2,5,19,5,31
116,11.6,2,5,19,5,31
117,11.7,2,5,19,4,30
118,11.8,2,5,19,5,31
119,11.9,2,5,20,5,32
120,12.0,2,5,19,5,31
121,12.1,2,5,22,5,34
122,12.2,2,5,21,5,33
123,12.3,2,5,21,5,33
124,12.4,2,5,21,5,33
125,12.5,2,5,21,5,33
126,12.6,3,5,21,5,34
127,12.7,3,5,21,5,34
128,12.8,3,5,20,5,33
129,12.9,3,6,22,4,35
130,13.0,3,6,21,5,35
131,13.1,3,6,22,5,36
132,13.2,3,6,22,5,36
133,13.3,3,6,24,5,38
134,13.4,3,6,22,5,36
135,13.5,3,7,23,5,38
136,13.6,3,7,23,5,38
137,13.7,3,7,25,5,40
138,13.8,3,7,24,5,39
139,13.9,3,7,25,5,40
140,14.0,3,7,25,5,40
141,14.1,3,7,26,5,41
142,14.2,3,7,26,5,41
143,14.3,3,6,26,5,40
144,14.4,3,6,25,5,39
145,14.5,3,6,26,5,40
146,14.6,3,6,28,5,42
147,14.7,3,6,28,5,42
148,14.8,3,6,28,5,42
149,14.9,3,6,28,5,42
150,15.0,3,6,28,5,42
151,15.1,3,5,28,5,41
152,15.2,3,6,27,5,41
153,15.3,3,6,26,5,40
154,15.4,3,5,27,5,40
155,15.5,3,6,27,6,42
156,15.6,3,6,27,6,42
157,15.7,3,6,27,6,42
158,15.8,3,7,27,6,43
159,15.9,3,7,27,6,43
160,16.0,3,7,27,6,43
161,16.1,3,6,26,6,41
162,16.2,3,7,26,6,42
163,16.3,3,7,26,6,42
164,16.4,3,7,25,6,41
165,16.5,3,7,25,6,41
166,16.6,3,7,25,5,40
167,16.7,3,7,25,5,40
168,16.8,4,7,25,4,40
169,16.9,4,7,25,4,40
170,17.0,4,7,23,4,38
171,17.1,4,7,22,4,37
172,17.2,4,7,23,4,38
173,17.3,4,7,23,4,38
174,17.4,4,7,23,4,38
175,17.5,4,7,22,4,37
176,17.6,4,7,20,4,35
177,17.7,4,7,20,4,35
178,17.8,4,7,20,4,35
179,17.9,4,7,20,4,35
180,18.0,4,7,20,4,35
181,18.1,4,7,17,4,32
182,18.2,4,8,16,4,32
183,18.3,4,8,18,4,34
184,18.4,4,8,18,4,34
185,18.5,4,8,18,3,33
186,18.6,4,8,18,3,33
187,18.7,4,8,18,3,33
188,18.8,4,8,16,3,31
189,18.9,4,8,16,3,31
190,19.0,5,8,14,3,30
191,19.1,5,8,14,3,30
192,19.2,5,8,13,3,29
193,19.3,5,8,12,2,27
194,19.4,5,8,12,1,26
195,19.5,5,8,12,2,27
196,19.6,5,8,11,2,26
197,19.7,5,8,12,2,27
198,19.8,5,8,13,2,28
199,19.9,5,8,12,2,27
200,20.0,5,8,13,2,28
201,20.1,5,7,13,2,27
202,20.2,5,8,13,2,28
203,20.3,5,8,12,2,27
204,20.4,5,8,12,2,27
205,20.5,5,7,12,2,26
206,20.6,5,7,13,2,27
207,20.7,5,7,13,2,27
208,20.8,5,7,13,2,27
209,20.9,5,7,13,2,27
210,21.0,5,7,13,2,27
211,21.1,5,7,12,3,27
212,21.2,5,7,12,2,26
213,21.3,5,7,12,2,26
214,21.4,5,7,12,3,27
215,21.5,5,7,12,3,27
216,21.6,5,7,12,3,27
217,21.7,5,7,10,2,24
218,21.8,5,7,10,2,24
219,21.9,5,7,10,2,24
220,22.0,5,7,10,2,24
221,22.1,5,7,10,2,24
222,22.2,5,7,10,2,24
223,22.3,5,7,10,2,24
224,22.4,5,7,10,2,24
225,22.5,5,7,10,2,24
226,22.6,5,7,10,1,23
227,22.7,5,7,9,1,22
228,22.8,5,7,9,1,22
229,22.9,5,7,9,1,22
230,23.0,5,7,9,2,23
231,23.1,5,7,9,2,23
232,23.2,5,7,9,2,23
233,23.3,5,7,9,2,23
234,23.4,5,7,9,2,23
235,23.5,5,7,9,2,23
236,23.6,5,7,11,2,25
237,23.7,5,7,11,2,25
238,23.8,5,7,11,2,25
239,23.9,5,7,10,2,24
240,24.0,5,7,9,2,23
241,24.1,5,7,10,1,23
242,24.2,5,7,10,1,23
243,24.3,5,7,10,2,24
244,24.4,5,7,8,2,22
245,24.5,5,7,8,2,22
246,24.6,5,7,8,2,22
247,24.7,5,7,8,2,22
248,24.8,5,7,8,2,22
249,24.9,5,7,9,2,23
250,25.0,5,7,8,2,22
251,25.1,5,7,9,2,23
252,25.2,5,7,9,2,23
253,25.3,5,7,8,3,23
254,25.4,5,7,8,3,23
255,25.5,5,7,8,3,23
256,25.6,5,7,8,3,23
257,25.7,5,7,8,3,23
258,25.8,5,7,8,3,23
259,25.9,5,7,8,3,23
260,26.0,5,7,8,2,22
261,26.1,5,7,8,2,22
262,26.2,5,7,8,2,22
263,26.3,5,7,8,3,23
264,26.4,5,7,9,2,23
265,26.5,5,7,9,2,23
266,26.6,6,7,9,2,24
267,26.7,6,7,9,2,24
268,26.8,6,7,9,2,24
269,26.9,6,7,9,2,24
270,27.0,6,7,9,2,24
271,27.1,6,7,10,2,25
272,27.2,6,7,10,2,25
273,27.3,6,7,9,2,24
274,27.4,6,7,9,2,24
275,27.5,6,7,9,2,24
276,27.6,6,7,8,2,23
277,27.7,6,7,8,2,23
278,27.8,6,7,8,2,23
279,27.9,6,7,8,2,23
280,28.0,6,7,8,2,23
281,28.1,6,7,8,3,24
282,28.2,6,7,8,2,23
283,28.3,6,7,8,2,23
284,28.4,6,7,7,2,22
285,28.5,6,7,7,2,22
286,28.6,6,7,7,2,22
287,28.7,6,7,8,2,23
288,28.8,6,7,8,2,23
289,28.9,6,7,8,2,23
290,29.0,6,7,8,2,23
291,29.1,6,7,8,2,23
292,29.2,6,7,8,2,23
293,29.3,6,7,8,2,23
294,29.4,6,7,8,2,23
295,29.5,6,7,8,2,23
296,29.6,6,7,8,2,23
297,29.7,6,7,8,2,23
298,29.8,6,7,8,2,23
299,29.9,6,7,8,2,23
300,30.0,6,7,8,2,23
301,30.1,6,7,8,3,24
302,30.2,6,7,8,3,24
303,30.3,6,7,8,3,24
304,30.4,6,7,8,3,24
305,30.5,6,7,8,4,25
306,30.6,6,7,8,4,25
307,30.7,6,7,8,4,25
308,30.8,6,7,8,4,25
309,30.9,6,7,8,4,25
310,31.0,6,7,8,4,25
311,31.1,6,7,8,4,25
312,31.2,6,7,7,4,24
313,31.3,6,7,7,5,25
314,31.4,6,7,7,5,25
315,31.5,6,7,7,5,25
316,31.6,6,7,7,4,24
317,31.7,6,7,7,4,24
318,31.8,7,7,7,4,25
319,31.9,8,7,7,4,26
320,32.0,8,7,7,4,26
321,32.1,8,7,7,3,25
322,32.2,8,7,7,4,26
323,32.3,8,7,7,4,26
324,32.4,8,7,7,4,26
325,32.5,8,7,7,4,26
326,32.6,8,7,6,5,26
327,32.7,8,7,6,4,25
328,32.8,8,7,6,4,25
329,32.9,8,7,6,5,26
330,33.0,8,7,6,4,25
331,33.1,8,7,6,4,25
332,33.2,8,7,6,4,25
333,33.3,8,7,6,4,25
334,33.4,8,7,4,4,23
335,33.5,8,7,4,4,23
336,33.6,8,7,4,4,23
337,33.7,8,7,4,3,22
338,33.8,8,7,4,2,21
339,33.9,8,7,4,3,22
340,34.0,8,7,4,3,22
341,34.1,8,7,4,3,22
342,34.2,8,7,4,3,22
343,34.3,8,7,3,2,20
344,34.4,8,7,3,2,20
345,34.5,8,7,3,2,20
346,34.6,8,7,3,2,20
347,34.7,8,7,3,2,20
348,34.8,8,7,3,2,20
349,34.9,8,7,2,2,19
350,35.0,8,7,2,2,19
351,35.1,8,7,2,2,19
352,35.2,8,7,2,2,19
353,35.3,8,7,2,2,19
354,35.4,8,7,2,2,19
355,35.5,8,7,2,2,19
356,35.6,8,7,2,2,19
357,35.7,8,7,2,2,19
358,35.8,8,7,2,2,19
359,35.9,8,7,2,2,19
360,36.0,8,7,2,2,19
361,36.1,8,7,2,2,19
362,36.2,8,7,2,2,19
363,36.3,8,7,2,2,19
364,36.4,8,7,2,2,19
365,36.5,8,7,2,2,19
366,36.6,8,7,2,2,19
367,36.7,8,7,2,2,19
368,36.8,8,7,2,2,19
369,36.9,8,7,2,2,19
370,37.0,8,7,2,2,19
371,37.1,8,7,2,1,18
372,37.2,8,7,2,1,18
373,37.3,8,7,2,1,18
374,37.4,8,7,2,0,17
375,37.5,8,7,2,0,17
376,37.6,8,7,2,0,17
377,37.7,8,7,2,1,18
378,37.8,8,7,2,1,18
379,37.9,8,8,2,1,19
380,38.0,8,8,2,1,19
381,38.1,8,8,2,1,19
382,38.2,8,8,2,1,19
383,38.3,8,8,2,1,19
384,38.4,8,8,2,1,19
385,38.5,8,8,2,1,19
386,38.6,8,8,2,1,19
387,38.7,8,8,2,1,19
388,38.8,8,8,2,1,19
389,38.9,8,8,2,1,19
390,39.0,8,8,1,1,18
391,39.1,8,8,1,2,19
392,39.2,8,8,1,2,19
393,39.3,8,8,1,2,19
394,39.4,8,8,1,2,19
395,39.5,8,8,1,2,19
396,39.6,8,7,1,2,18
397,39.7,8,7,1,2,18
398,39.8,8,7,1,2,18
399,39.9,8,7,1,2,18
400,40.0,8,7,1,2,18
401,40.1,8,7,1,3,19
402,40.2,8,7,1,3,19
403,40.3,8,7,1,3,19
404,40.4,8,7,1,3,19
405,40.5,8,7,1,3,19
406,40.6,8,7,1,3,19
407,40.7,8,7,1,3,19
408,40.8,8,7,1,3,19
409,40.9,8,7,1,3,19
410,41.0,8,7,1,4,20
411,41.1,8,7,1,3,19
412,41.2,8,7,1,3,19
413,41.3,8,8,1,3,20
414,41.4,8,8,0,3,19
415,41.5,8,8,0,3,19
416,41.6,8,8,0,3,19
417,41.7,8,8,0,2,18
418,41.8,8,8,0,2,18
419,41.9,8,8,0,2,18
420,42.0,8,8,0,2,18
421,42.1,8,8,0,2,18
422,42.2,8,8,0,2,18
423,42.3,8,8,0,2,18
424,42.4,8,8,0,1,17
425,42.5,8,8,0,1,17
426,42.6,8,8,0,1,17
427,42.7,8,8,0,1,17
428,42.8,8,8,0,1,17
429,42.9,8,8,0,1,17
430,43.0,8,8,0,1,17
431,43.1,8,8,0,1,17
432,43.2,8,8,0,1,17
433,43.3,8,8,0,1,17
434,43.4,8,8,0,1,17
435,43.5,8,8,0,1,17
436,43.6,8,8,0,1,17
437,43.7,7,8,0,1,16
438,43.8,7,8,0,1,16
439,43.9,8,8,0,1,17
440,44.0,8,8,0,1,17
441,44.1,8,8,0,1,17
442,44.2,8,8,0,1,17
443,44.3,8,8,0,1,17
444,44.4,8,8,0,1,17
445,44.5,8,8,0,1,17
446,44.6,8,8,0,1,17
447,44.7,8,8,0,0,16
448,44.8,8,8,0,1,17
449,44.9,8,8,0,1,17
450,45.0,8,8,0,1,17
451,45.1,8,8,0,1,17
452,45.2,8,8,0,1,17
453,45.3,8,8,0,1,17
454,45.4,8,8,0,1,17
455,45.5,8,8,0,0,16
456,45.6,8,8,0,0,16
457,45.7,8,8,0,1,17
458,45.8,8,8,0,1,17
459,45.9,8,8,0,1,17
460,46.0,8,8,0,1,17
461,46.1,8,8,0,1,17
462,46.2,8,8,0,1,17
463,46.3,8,8,0,1,17
464,46.4,8,8,0,1,17
465,46.5,8,8,0,1,17
466,46.6,8,8,0,1,17
467,46.7,8,8,0,1,17
468,46.8,8,8,0,2,18
469,46.9,8,8,0,2,18
470,47.0,8,8,0,2,18
471,47.1,8,8,0,2,18
472,47.2,8,8,1,2,19
473,47.3,8,8,1,2,19
474,47.4,9,8,1,2,20
475,47.5,9,8,1,2,20
476,47.6,9,8,1,2,20
477,47.7,9,8,1,2,20
478,47.8,9,8,2,2,21
479,47.9,9,8,2,2,21
480,48.0,8,8,2,2,20
481,48.1,9,8,2,2,21
482,48.2,9,8,3,3,23
483,48.3,9,8,3,3,23
484,48.4,9,8,3,3,23
485,48.5,9,8,3,3,23
486,48.6,9,8,3,3,23
487,48.7,9,8,3,3,23
488,48.8,9,8,3,3,23
489,48.9,9,8,3,3,23
490,49.0,9,8,3,3,23
491,49.1,9,8,3,2,22
492,49.2,9,8,3,2,22
493,49.3,9,7,3,2,21
494,49.4,9,7,3,2,21
495,49.5,9,7,3,2,21
496,49.6,9,7,3,2,21
497,49.7,9,7,3,2,21
498,49.8,9,7,3,2,21
499,49.9,8,7,3,2,20
500,50.0,8,7,3,2,20
501,50.1,8,7,3,2,20
502,50.2,8,7,3,2,20
503,50.3,8,7,3,2,20
504,50.4,8,7,3,2,20
505,50.5,7,7,3,2,19
506,50.6,7,8,3,2,20
507,50.7,7,8,3,2,20
508,50.8,7,8,3,2,20
509,50.9,7,8,3,2,20
510,51.0,7,8,3,2,20
511,51.1,7,8,3,2,20
512,51.2,7,8,3,2,20
513,51.3,7,8,3,2,20
514,51.4,7,8,3,2,20
515,51.5,7,8,3,2,20
516,51.6,7,8,3,2,20
517,51.7,6,8,3,2,19
518,51.8,7,8,3,2,20
519,51.9,7,8,3,2,20
520,52.0,7,8,3,1,19
521,52.1,7,8,3,2,20
522,52.2,7,8,3,2,20
523,52.3,7,8,3,2,20
524,52.4,7,8,3,1,19
525,52.5,7,8,3,1,19
526,52.6,7,8,3,1,19
527,52.7,7,8,3,1,19
528,52.8,7,8,3,2,20
529,52.9,7,7,3,2,19
530,53.0,7,7,4,2,20
531,53.1,7,9,4,2,22
532,53.2,7,9,4,2,22
533,53.3,5,9,4,2,20
534,53.4,5,9,4,1,19
535,53.5,5,9,4,2,20
536,53.6,5,9,4,3,21
537,53.7,5,9,4,3,21
538,53.8,5,9,4,3,21
539,53.9,5,9,4,3,21
540,54.0,5,9,4,2,20
541,54.1,6,9,4,3,22
542,54.2,6,9,3,2,20
543,54.3,6,9,3,3,21
544,54.4,6,8,3,2,19
545,54.5,6,8,3,2,19
546,54.6,6,8,3,2,19
547,54.7,6,8,3,2,19
548,54.8,6,8,3,2,19
549,54.9,6,8,3,2,19
550,55.0,6,8,3,3,20
551,55.1,5,8,3,3,19
552,55.2,5,8,3,3,19
553,55.3,5,8,3,1,17
554,55.4,5,8,3,1,17
555,55.5,5,8,3,1,17
556,55.6,5,8,3,1,17
557,55.7,5,8,3,2,18
558,55.8,5,7,3,2,17
559,55.9,5,7,3,3,18
560,56.0,5,7,3,2,17
561,56.1,5,7,3,3,18
562,56.2,5,7,3,3,18
563,56.3,5,7,3,3,18
564,56.4,5,7,3,3,18
565,56.5,5,7,3,3,18
566,56.6,5,7,3,3,18
567,56.7,5,7,3,3,18
568,56.8,5,7,3,2,17
569,56.9,5,7,3,3,18
570,57.0,5,7,3,2,17
571,57.1,5,7,3,2,17
572,57.2,5,7,3,2,17
573,57.3,5,7,3,2,17
574,57.4,5,7,3,2,17
575,57.5,5,7,3,2,17
576,57.6,5,7,3,2,17
577,57.7,5,7,3,3,18
578,57.8,5,7,3,3,18
579,57.9,5,7,3,3,18
580,58.0,5,7,3,2,17
581,58.1,5,7,3,3,18
582,58.2,5,7,3,2,17
583,58.3,5,7,3,2,17
584,58.4,5,6,3,2,16
585,58.5,6,6,3,2,17
586,58.6,6,6,3,2,17
587,58.7,6,6,3,2,17
588,58.8,5,6,3,2,16
589,58.9,5,6,3,2,16
590,59.0,5,6,3,2,16
591,59.1,5,6,3,3,17
592,59.2,5,6,3,3,17
593,59.3,5,6,3,3,17
594,59.4,5,6,3,3,17
595,59.5,5,6,3,3,17
596,59.6,5,6,3,2,16
597,59.7,5,6,3,2,16
598,59.8,5,6,3,2,16
599,59.9,5,6,3,2,16
600,60.0,5,6,3,2,16
601,60.1,5,6,3,2,16
602,60.2,5,6,3,2,16
603,60.3,5,6,3,2,16
604,60.4,5,6,3,2,16
605,60.5,5,6,3,3,17
606,60.6,5,6,3,2,16
607,60.7,5,6,3,2,16
608,60.8,5,6,3,3,17
609,60.9,5,6,4,4,19
610,61.0,5,6,4,4,19
611,61.1,5,5,4,4,18
612,61.2,5,5,4,4,18
613,61.3,5,5,4,3,17
614,61.4,4,5,4,3,16
615,61.5,4,5,4,3,16
616,61.6,4,5,4,4,17
617,61.7,4,5,4,4,17
618,61.8,4,5,4,4,17
619,61.9,4,5,4,4,17
620,62.0,4,5,4,4,17
621,62.1,5,5,4,3,17
622,62.2,5,5,4,3,17
623,62.3,5,5,4,3,17
624,62.4,5,5,4,3,17
625,62.5,5,6,4,4,19
626,62.6,5,6,4,4,19
627,62.7,5,6,4,3,18
628,62.8,5,6,4,4,19
629,62.9,5,6,4,4,19
630,63.0,5,6,4,3,18
631,63.1,5,6,4,5,20
632,63.2,5,6,4,5,20
633,63.3,5,6,4,5,20
634,63.4,5,6,4,5,20
635,63.5,5,6,4,4,19
636,63.6,5,6,4,5,20
637,63.7,5,6,4,5,20
638,63.8,5,6,4,5,20
639,63.9,5,6,5,5,21
640,64.0,5,6,5,5,21
641,64.1,5,5,5,5,20
642,64.2,5,5,5,5,20
643,64.3,5,5,5,5,20
644,64.4,5,5,5,5,20
645,64.5,5,5,5,6,21
646,64.6,5,5,5,6,21
647,64.7,5,5,5,6,21
648,64.8,5,5,5,6,21
649,64.9,5,5,5,6,21
650,65.0,5,5,5,6,21
651,65.1,5,5,5,6,21
652,65.2,5,5,5,6,21
653,65.3,5,5,5,6,21
654,65.4,5,5,4,6,20
655,65.5,5,5,5,6,21
656,65.6,6,5,5,6,22
657,65.7,5,5,5,6,21
658,65.8,5,5,5,6,21
659,65.9,6,5,5,6,22
660,66.0,6,5,5,6,22
661,66.1,6,5,5,6,22
662,66.2,6,5,5,6,22
663,66.3,6,5,5,6,22
664,66.4,6,5,4,6,21
665,66.5,6,5,4,6,21
666,66.6,6,5,4,6,21
667,66.7,6,5,4,6,21
668,66.8,6,5,4,6,21
669,66.9,6,5,4,7,22
670,67.0,6,5,4,7,22
671,67.1,6,5,4,7,22
672,67.2,6,5,4,7,22
673,67.3,6,5,4,7,22
674,67.4,6,5,4,7,22
675,67.5,6,5,5,7,23
676,67.6,6,5,5,6,22
677,67.7,6,5,5,6,22
678,67.8,6,5,5,6,22
679,67.9,6,5,4,6,21
680,68.0,6,5,5,5,21
681,68.1,6,5,5,6,22
682,68.2,5,5,4,6,20
683,68.3,6,5,5,7,23
684,68.4,6,5,5,7,23
685,68.5,5,5,5,7,22
686,68.6,6,5,5,7,23
687,68.7,5,5,6,7,23
688,68.8,5,5,6,8,24
689,68.9,5,5,6,7,23
690,69.0,5,5,6,8,24
691,69.1,5,5,6,8,24
692,69.2,5,5,6,7,23
693,69.3,5,5,6,8,24
694,69.4,5,5,6,8,24
695,69.5,5,5,6,8,24
696,69.6,5,5,6,7,23
697,69.7,5,5,6,8,24
698,69.8,5,5,6,7,23
699,69.9,5,5,6,7,23
700,70.0,5,5,6,9,25
701,70.1,5,5,6,9,25
702,70.2,5,5,6,8,24
703,70.3,5,5,5,9,24
704,70.4,5,5,5,9,24
705,70.5,5,5,5,9,24
706,70.6,5,5,5,9,24
707,70.7,5,5,5,9,24
708,70.8,5,5,5,9,24
709,70.9,5,5,5,8,23
710,71.0,5,5,5,8,23
711,71.1,6,5,6,9,26
712,71.2,6,5,6,9,26
713,71.3,6,5,6,8,25
714,71.4,6,5,6,6,23
715,71.5,6,5,6,7,24
716,71.6,6,5,6,7,24
717,71.7,6,5,6,7,24
718,71.8,6,5,6,6,23
719,71.9,6,5,6,7,24
720,72.0,6,5,6,7,24
721,72.1,6,6,6,8,26
722,72.2,6,6,6,7,25
723,72.3,6,6,6,7,25
724,72.4,6,6,6,7,25
725,72.5,6,6,6,6,24
726,72.6,6,6,6,7,25
727,72.7,6,6,6,8,26
728,72.8,6,6,6,8,26
729,72.9,6,6,6,8,26
730,73.0,6,6,6,6,24
731,73.1,6,6,6,7,25
732,73.2,6,6,6,7,25
733,73.3,6,6,6,6,24
734,73.4,6,6,6,7,25
735,73.5,6,6,6,7,25
736,73.6,6,6,6,7,25
737,73.7,6,6,6,7,25
738,73.8,6,6,6,7,25
739,73.9,5,6,6,7,24
740,74.0,5,6,6,7,24
741,74.1,5,6,5,7,23
742,74.2,5,6,6,7,24
743,74.3,5,6,6,6,23
744,74.4,5,6,6,7,24
745,74.5,5,6,6,6,23
746,74.6,5,6,6,7,24
747,74.7,5,7,6,7,25
748,74.8,5,7,6,6,24
749,74.9,5,6,6,6,23
750,75.0,5,6,6,6,23
751,75.1,5,5,6,6,22
752,75.2,5,5,6,6,22
753,75.3,5,5,6,6,22
754,75.4,5,5,6,6,22
755,75.5,5,5,6,6,22
756,75.6,5,5,6,6,22
757,75.7,5,5,6,6,22
758,75.8,5,5,6,6,22
759,75.9,5,5,6,6,22
760,76.0,5,5,6,6,22
761,76.1,6,5,6,6,23
762,76.2,6,5,6,6,23
763,76.3,6,6,6,6,24
764,76.4,6,6,7,6,25
765,76.5,6,6,8,6,26
766,76.6,6,6,8,6,26
767,76.7,6,6,8,6,26
768,76.8,5,6,8,6,25
769,76.9,6,6,8,6,26
770,77.0,6,6,8,6,26
771,77.1,5,5,8,6,24
772,77.2,5,5,8,6,24
773,77.3,4,4,8,6,22
774,77.4,4,4,8,6,22
775,77.5,4,4,8,6,22
776,77.6,4,4,8,6,22
777,77.7,4,3,8,6,21
778,77.8,4,3,8,5,20
779,77.9,4,3,8,6,21
780,78.0,4,3,8,6,21
781,78.1,4,3,8,7,22
782,78.2,4,3,8,7,22
783,78.3,4,3,8,7,22
784,78.4,4,2,8,7,21
785,78.5,4,2,8,7,21
786,78.6,4,2,8,6,20
787,78.7,4,2,7,7,20
788,78.8,4,2,8,7,21
789,78.9,4,2,8,7,21
790,79.0,4,2,8,7,21
791,79.1,4,2,8,7,21
792,79.2,4,2,8,7,21
793,79.3,4,2,9,7,22
794,79.4,4,2,9,7,22
795,79.5,4,2,9,7,22
796,79.6,4,2,9,8,23
797,79.7,4,2,9,8,23
798,79.8,4,1,9,8,22
799,79.9,5,2,9,8,24
800,80.0,5,2,9,8,24
801,80.1,5,2,9,7,23
802,80.2,4,2,9,8,23
803,80.3,5,2,9,8,24
804,80.4,5,2,9,8,24
805,80.5,5,2,9,7,23
806,80.6,5,2,9,8,24
807,80.7,5,2,9,8,24
808,80.8,5,2,9,8,24
809,80.9,5,2,9,8,24
810,81.0,5,2,9,8,24
811,81.1,4,2,9,8,23
812,81.2,4,2,9,7,22
813,81.3,4,2,9,9,24
814,81.4,4,2,9,9,24
815,81.5,4,2,8,9,23
816,81.6,4,2,8,9,23
817,81.7,4,2,8,9,23
818,81.8,3,2,7,9,21
819,81.9,3,2,8,9,22
820,82.0,3,2,8,9,22
821,82.1,3,2,8,9,22
822,82.2,3,2,8,9,22
823,82.3,3,2,8,9,22
824,82.4,3,2,8,9,22
825,82.5,3,3,8,9,23
826,82.6,4,3,8,9,24
827,82.7,4,3,8,9,24
828,82.8,5,3,8,9,25
829,82.9,5,3,8,9,25
830,83.0,5,4,8,9,26
831,83.1,5,4,9,9,27
832,83.2,5,4,8,9,26
833,83.3,5,4,9,9,27
834,83.4,5,4,9,9,27
835,83.5,5,4,8,9,26
836,83.6,5,4,9,9,27
837,83.7,5,4,9,9,27
838,83.8,5,4,9,9,27
839,83.9,5,4,9,9,27
840,84.0,5,4,9,9,27
841,84.1,5,4,9,9,27
842,84.2,5,4,9,9,27
843,84.3,5,4,9,10,28
844,84.4,5,4,9,11,29
845,84.5,5,4,9,11,29
846,84.6,4,4,9,11,28
847,84.7,4,5,9,11,29
848,84.8,4,5,9,11,29
849,84.9,4,5,9,11,29
850,85.0,4,5,9,11,29
851,85.1,4,5,9,11,29
852,85.2,4,4,9,11,28
853,85.3,3,4,9,10,26
854,85.4,3,3,9,10,25
855,85.5,3,3,9,10,25
856,85.6,3,3,9,10,25
857,85.7,4,3,9,11,27
858,85.8,4,3,9,10,26
859,85.9,4,3,9,11,27
860,86.0,4,4,9,10,27
861,86.1,4,4,9,10,27
862,86.2,4,4,9,10,27
863,86.3,4,4,9,10,27
864,86.4,4,4,9,10,27
865,86.5,4,4,9,10,27
866,86.6,4,3,9,10,26
867,86.7,4,3,10,10,27
868,86.8,4,3,10,10,27
869,86.9,4,3,10,10,27
870,87.0,4,3,10,10,27
871,87.1,4,3,10,10,27
872,87.2,4,3,10,10,27
873,87.3,4,3,10,10,27
874,87.4,4,3,10,10,27
875,87.5,4,2,10,10,26
876,87.6,4,2,10,10,26
877,87.7,4,2,10,10,26
878,87.8,4,2,10,10,26
879,87.9,4,2,10,10,26
880,88.0,4,2,10,10,26
881,88.1,5,2,10,10,27
882,88.2,5,2,10,10,27
883,88.3,5,2,10,10,27
884,88.4,4,2,11,10,27
885,88.5,4,2,11,10,27
886,88.6,4,2,11,10,27
887,88.7,4,3,11,10,28
888,88.8,4,3,11,10,28
889,88.9,4,3,11,10,28
890,89.0,4,3,11,10,28
891,89.1,4,3,11,10,28
892,89.2,3,3,12,10,28
893,89.3,3,3,11,10,27
894,89.4,3,3,12,10,28
895,89.5,3,3,12,10,28
896,89.6,2,3,12,10,27
897,89.7,2,3,12,10,27
898,89.8,2,3,12,10,27
899,89.9,2,3,12,10,27
900,90.0,2,3,12,10,27
901,90.1,2,3,11,10,26
902,90.2,2,3,12,10,27
903,90.3,2,3,12,10,27
904,90.4,2,3,12,10,27
905,90.5,2,4,12,10,28
906,90.6,2,4,12,10,28
907,90.7,2,4,12,10,28
908,90.8,2,4,12,10,28
909,90.9,2,4,12,10,28
910,91.0,2,4,12,10,28
911,91.1,2,4,11,10,27
912,91.2,2,3,11,10,26
913,91.3,2,3,12,10,27
914,91.4,3,3,12,10,28
915,91.5,3,3,12,10,28
916,91.6,3,3,12,10,28
917,91.7,3,3,12,10,28
918,91.8,3,3,12,10,28
919,91.9,3,3,12,10,28
920,92.0,3,3,11,10,27
921,92.1,3,3,11,10,27
922,92.2,3,3,11,10,27
923,92.3,3,3,11,10,27
924,92.4,3,3,11,11,28
925,92.5,3,3,11,11,28
926,92.6,3,3,11,11,28
927,92.7,3,3,11,11,28
928,92.8,3,3,11,11,28
929,92.9,2,3,11,11,27
930,93.0,3,3,11,11,28
931,93.1,3,3,11,11,28
932,93.2,3,3,11,11,28
933,93.3,3,3,11,11,28
934,93.4,3,3,11,11,28
935,93.5,3,3,11,11,28
936,93.6,3,3,11,11,28
937,93.7,3,2,11,11,27
938,93.8,3,2,11,11,27
939,93.9,3,2,11,11,27
940,94.0,3,2,11,11,27
941,94.1,3,2,11,12,28
942,94.2,3,2,11,12,28
943,94.3,3,2,12,12,29
944,94.4,3,2,12,12,29
945,94.5,3,2,12,12,29
946,94.6,2,3,12,12,29
947,94.7,2,3,12,12,29
948,94.8,2,3,12,12,29
949,94.9,2,3,12,11,28
950,95.0,2,3,12,12,29
951,95.1,2,3,12,12,29
952,95.2,2,3,12,11,28
953,95.3,2,3,12,11,28
954,95.4,2,2,12,11,27
955,95.5,2,2,12,12,28
956,95.6,2,2,12,12,28
957,95.7,2,2,12,11,27
958,95.8,3,2,12,11,28
959,95.9,3,2,12,12,29
960,96.0,3,2,12,13,30
961,96.1,3,2,12,12,29
962,96.2,2,2,12,13,29
963,96.3,2,2,12,13,29
964,96.4,2,2,12,13,29
965,96.5,2,2,11,12,27
966,96.6,2,3,11,12,28
967,96.7,2,3,11,12,28
968,96.8,2,3,11,12,28
969,96.9,2,3,11,12,28
970,97.0,2,3,11,12,28
971,97.1,2,3,11,12,28
972,97.2,2,3,11,12,28
973,97.3,2,3,11,12,28
974,97.4,2,3,11,12,28
975,97.5,2,4,11,12,29
976,97.6,2,4,11,12,29
977,97.7,2,4,11,12,29
978,97.8,2,4,11,11,28
979,97.9,2,4,11,11,28
980,98.0,2,4,11,11,28
981,98.1,2,4,11,11,28
982,98.2,2,4,11,11,28
983,98.3,2,3,11,12,28
984,98.4,2,3,11,12,28
985,98.5,2,3,11,11,27
986,98.6,1,3,11,11,26
987,98.7,1,3,11,11,26
988,98.8,1,3,11,11,26
989,98.9,1,3,11,11,26
990,99.0,1,3,11,11,26
991,99.1,1,4,11,11,27
992,99.2,1,4,11,11,27
993,99.3,1,5,11,12,29
994,99.4,1,5,11,12,29
995,99.5,1,5,11,12,29
996,99.6,1,5,11,12,29
997,99.7,1,5,11,12,29
998,99.8,1,5,11,12,29
999,99.9,1,5,11,12,29
1000,100.0,1,5,11,11,28
1001,100.1,1,4,11,12,28
1002,100.2,1,4,11,12,28
1003,100.3,1,4,11,13,29
1004,100.4,1,4,11,12,28
1005,100.5,1,4,11,13,29
1006,100.6,1,4,11,12,28
1007,100.7,1,4,11,12,28
1008,100.8,1,4,11,12,28
1009,100.9,1,4,11,13,29
1010,101.0,1,4,11,13,29
1011,101.1,1,4,11,13,29
1012,101.2,1,4,11,13,29
1013,101.3,1,4,12,13,30
1014,101.4,1,4,12,13,30
1015,101.5,1,4,12,12,29
1016,101.6,1,4,12,12,29
1017,101.7,1,4,12,12,29
1018,101.8,1,4,12,13,30
1019,101.9,1,5,12,13,31
1020,102.0,1,5,12,12,30
1021,102.1,1,5,12,13,31
1022,102.2,1,4,12,12,29
1023,102.3,1,5,12,12,30
1024,102.4,1,5,12,12,30
1025,102.5,1,5,12,12,30
1026,102.6,1,5,12,12,30
1027,102.7,1,5,12,12,30
1028,102.8,1,5,12,13,31
1029,102.9,1,5,12,13,31
1030,103.0,0,3,12,12,27
1031,103.1,1,3,12,12,28
1032,103.2,0,3,12,12,27
1033,103.3,1,3,12,13,29
1034,103.4,1,3,12,12,28
1035,103.5,1,3,12,12,28
1036,103.6,1,4,12,13,30
1037,103.7,1,4,12,13,30
1038,103.8,1,4,12,13,30
1039,103.9,1,4,12,13,30
1040,104.0,1,4,12,12,29
1041,104.1,1,4,12,12,29
1042,104.2,0,4,12,12,28
1043,104.3,1,4,12,12,29
1044,104.4,1,4,12,12,29
1045,104.5,1,4,12,13,30
1046,104.6,1,4,12,12,29
1047,104.7,1,4,12,12,29
1048,104.8,1,4,12,12,29
1049,104.9,1,4,12,12,29
1050,105.0,1,4,12,12,29
1051,105.1,1,4,12,13,30
1052,105.2,1,4,12,12,29
1053,105.3,1,4,12,11,28
1054,105.4,1,4,12,12,29
1055,105.5,1,4,12,13,30
1056,105.6,1,4,12,13,30
1057,105.7,1,4,12,13,30
1058,105.8,1,4,12,12,29
1059,105.9,1,4,12,12,29
1060,106.0,1,4,12,13,30
1061,106.1,1,4,12,12,29
1062,106.2,1,4,11,12,28
1063,106.3,1,4,12,12,29
1064,106.4,1,3,12,12,28
1065,106.5,1,3,12,12,28
1066,106.6,1,3,12,13,29
1067,106.7,1,3,12,13,29
1068,106.8,1,3,12,12,28
1069,106.9,1,3,12,12,28
1070,107.0,1,3,12,12,28
1071,107.1,1,3,11,12,27
1072,107.2,1,3,12,12,28
1073,107.3,1,3,12,12,28
1074,107.4,1,3,11,12,27
1075,107.5,1,3,12,12,28
1076,107.6,1,3,12,12,28
1077,107.7,1,3,13,12,29
1078,107.8,1,3,13,12,29
1079,107.9,1,3,13,12,29
1080,108.0,1,3,13,12,29
1081,108.1,1,3,13,13,30
1082,108.2,0,3,12,13,28
1083,108.3,1,3,12,13,29
1084,108.4,1,3,13,12,29
1085,108.5,1,3,13,13,30
1086,108.6,0,3,14,12,29
1087,108.7,0,3,14,12,29
1088,108.8,0,2,14,12,28
1089,108.9,1,2,14,12,29
1090,109.0,1,2,14,12,29
1091,109.1,1,2,14,12,29
1092,109.2,0,2,14,12,28
1093,109.3,1,2,13,12,28
1094,109.4,1,2,13,12,28
1095,109.5,1,2,13,12,28
1096,109.6,1,2,13,12,28
1097,109.7,1,2,14,12,29
1098,109.8,1,2,14,13,30
1099,109.9,1,2,14,14,31
1100,110.0,0,2,14,15,31
1101,110.1,1,2,14,15,32
1102,110.2,1,2,14,15,32
1103,110.3,1,2,13,15,31
1104,110.4,1,2,13,15,31
1105,110.5,1,2,15,15,33
1106,110.6,1,2,14,14,31
1107,110.7,1,3,15,14,33
1108,110.8,1,3,16,14,34
1109,110.9,1,3,15,15,34
1110,111.0,1,3,15,14,33
1111,111.1,1,3,16,14,34
1112,111.2,1,3,16,15,35
1113,111.3,1,3,16,15,35
1114,111.4,0,3,16,15,34
1115,111.5,1,3,16,15,35
1116,111.6,0,3,16,15,34
1117,111.7,1,3,16,15,35
1118,111.8,1,3,15,15,34
1119,111.9,2,3,16,15,36
1120,112.0,2,3,15,14,34
1121,112.1,2,3,15,14,34
1122,112.2,2,3,15,13,33
1123,112.3,2,3,15,13,33
1124,112.4,2,3,15,13,33
1125,112.5,2,3,15,13,33
1126,112.6,2,3,15,14,34
1127,112.7,1,3,15,14,33
1128,112.8,1,3,15,14,33
1129,112.9,1,3,15,14,33
1130,113.0,2,3,15,14,34
1131,113.1,2,3,15,14,34
1132,113.2,1,3,15,14,33
1133,113.3,1,3,14,14,32
1134,113.4,1,3,14,14,32
1135,113.5,1,3,14,14,32
1136,113.6,1,3,14,14,32
1137,113.7,2,3,13,14,32
1138,113.8,1,3,13,14,31
1139,113.9,1,3,13,13,30
1140,114.0,1,3,12,13,29
1141,114.1,2,3,13,14,32
1142,114.2,1,3,14,14,32
1143,114.3,2,3,14,14,33
1144,114.4,1,4,14,14,33
1145,114.5,1,4,14,14,33
1146,114.6,2,4,14,14,34
1147,114.7,2,4,14,14,34
1148,114.8,2,4,13,13,32
1149,114.9,2,4,13,12,31
1150,115.0,2,4,13,12,31
1151,115.1,2,4,12,12,30
1152,115.2,2,4,13,10,29
1153,115.3,2,4,13,10,29
1154,115.4,2,4,14,10,30
1155,115.5,2,4,14,10,30
1156,115.6,2,3,12,10,27
1157,115.7,2,3,12,10,27
1158,115.8,2,3,12,10,27
1159,115.9,2,3,12,9,26
1160,116.0,2,4,12,9,27
1161,116.1,2,3,12,10,27
1162,116.2,1,4,12,10,27
1163,116.3,1,4,13,10,28
1164,116.4,2,3,12,10,27
1165,116.5,2,4,13,10,29
1166,116.6,2,4,12,9,27
1167,116.7,2,4,12,8,26
1168,116.8,3,4,12,8,27
1169,116.9,3,5,12,8,28
1170,117.0,3,4,12,9,28
1171,117.1,3,4,11,9,27
1172,117.2,3,5,12,9,29
1173,117.3,3,5,11,9,28
1174,117.4,3,4,11,9,27
1175,117.5,3,4,9,8,24
1176,117.6,3,4,11,8,26
1177,117.7,3,5,11,7,26
1178,117.8,3,4,11,8,26
1179,117.9,3,4,11,7,25
1180,118.0,3,4,11,7,25
1181,118.1,3,4,10,7,24
1182,118.2,3,4,10,8,25
1183,118.3,3,4,10,7,24
1184,118.4,3,4,10,7,24
1185,118.5,3,4,9,7,23
1186,118.6,3,3,9,7,22
1187,118.7,3,3,9,7,22
1188,118.8,3,3,9,7,22
1189,118.9,3,3,9,7,22
1190,119.0,3,3,10,7,23
1191,119.1,3,3,10,7,23
1192,119.2,3,3,10,7,23
1193,119.3,3,3,10,6,22
1194,119.4,3,3,10,6,22
1195,119.5,3,3,10,6,22
1196,119.6,3,3,10,6,22
1197,119.7,3,3,10,6,22
1198,119.8,3,3,10,6,22
1199,119.9,3,3,10,6,22
1200,120.0,3,3,10,5,21
1201,120.1,3,3,10,5,21
1202,120.2,3,3,10,5,21
1203,120.3,3,3,10,6,22
1204,120.4,3,3,10,5,21
1205,120.5,3,3,10,5,21
1206,120.6,3,3,10,5,21
1207,120.7,3,3,10,5,21
1208,120.8,3,3,10,5,21
1209,120.9,3,3,10,5,21
1210,121.0,3,3,10,5,21
1211,121.1,3,3,10,5,21
1212,121.2,3,3,10,5,21
1213,121.3,3,3,10,5,21
1214,121.4,3,3,10,5,21
1215,121.5,3,3,10,6,22
1216,121.6,3,3,10,6,22
1217,121.7,3,3,10,7,23
1218,121.8,3,3,9,7,22
1219,121.9,3,3,9,8,23
1220,122.0,3,3,9,8,23
1221,122.1,3,3,9,8,23
1222,122.2,3,3,10,8,24
1223,122.3,3,3,9,8,23
1224,122.4,3,3,9,8,23
1225,122.5,3,3,9,7,22
1226,122.6,4,3,9,7,23
1227,122.7,5,3,9,7,24
1228,122.8,5,3,9,7,24
1229,122.9,5,3,10,7,25
1230,123.0,5,2,10,7,24
1231,123.1,5,3,10,7,25
1232,123.2,5,3,10,7,25
1233,123.3,5,3,10,7,25
1234,123.4,5,3,10,6,24
1235,123.5,5,3,10,6,24
1236,123.6,5,3,10,6,24
1237,123.7,5,3,10,7,25
1238,123.8,5,3,10,7,25
1239,123.9,5,3,10,7,25
1240,124.0,5,3,10,7,25
1241,124.1,5,3,10,6,24
1242,124.2,5,3,8,6,22
1243,124.3,5,3,8,6,22
1244,124.4,5,3,9,6,23
1245,124.5,5,3,8,6,22
1246,124.6,5,3,7,6,21
1247,124.7,5,3,8,6,22
1248,124.8,5,3,8,6,22
1249,124.9,5,3,8,6,22
1250,125.0,5,3,7,6,21
1251,125.1,5,3,8,6,22
1252,125.2,5,3,9,6,23
1253,125.3,5,3,9,6,23
1254,125.4,5,3,9,6,23
1255,125.5,5,3,9,6,23
1256,125.6,5,3,9,6,23
1257,125.7,5,3,9,7,24
1258,125.8,5,3,9,7,24
1259,125.9,5,4,9,6,24
1260,126.0,5,4,8,7,24
1261,126.1,5,4,9,5,23
1262,126.2,5,4,9,6,24
1263,126.3,5,4,9,5,23
1264,126.4,5,3,9,5,22
1265,126.5,5,4,9,5,23
1266,126.6,5,4,9,6,24
1267,126.7,5,4,9,6,24
1268,126.8,6,4,9,6,25
1269,126.9,6,4,9,7,26
1270,127.0,6,4,9,6,25
1271,127.1,6,4,9,6,25
1272,127.2,6,4,9,6,25
1273,127.3,6,4,9,6,25
1274,127.4,5,4,9,5,23
1275,127.5,6,4,8,5,23
1276,127.6,6,4,8,5,23
1277,127.7,6,4,8,5,23
1278,127.8,6,4,8,5,23
1279,127.9,6,4,8,5,23
1280,128.0,6,4,9,5,24
1281,128.1,6,4,9,5,24
1282,128.2,6,4,8,5,23
1283,128.3,6,4,9,4,23
1284,128.4,6,4,9,4,23
1285,128.5,6,4,9,4,23
1286,128.6,6,4,9,4,23
1287,128.7,6,3,9,4,22
1288,128.8,6,4,9,4,23
1289,128.9,6,4,9,4,23
1290,129.0,6,4,8,4,22
1291,129.1,6,4,8,4,22
1292,129.2,7,4,8,4,23
1293,129.3,7,4,7,4,22
1294,129.4,7,4,8,4,23
1295,129.5,7,4,8,4,23
1296,129.6,7,4,7,4,22
1297,129.7,7,4,7,4,22
1298,129.8,7,4,8,4,23
1299,129.9,7,4,8,4,23
1300,130.0,7,4,7,4,22
1301,130.1,7,4,7,4,22
1302,130.2,7,4,7,3,21
1303,130.3,7,4,8,3,22
1304,130.4,7,4,8,3,22
1305,130.5,7,4,8,3,22
1306,130.6,7,4,8,3,22
1307,130.7,7,4,8,3,22
1308,130.8,7,4,6,3,20
1309,130.9,7,4,6,3,20
1310,131.0,7,4,6,3,20
1311,131.1,7,4,6,3,20
1312,131.2,7,4,7,2,20
1313,131.3,7,3,7,2,19
1314,131.4,7,3,7,2,19
1315,131.5,7,3,5,2,17
1316,131.6,7,3,6,2,18
1317,131.7,7,3,5,2,17
1318,131.8,7,3,6,2,18
1319,131.9,7,3,6,2,18
1320,132.0,7,3,6,2,18
1321,132.1,7,3,6,2,18
1322,132.2,7,3,6,1,17
1323,132.3,7,4,6,1,18
1324,132.4,7,4,6,1,18
1325,132.5,7,4,6,1,18
1326,132.6,7,3,6,1,17
1327,132.7,7,4,6,1,18
1328,132.8,7,4,6,1,18
1329,132.9,7,4,6,1,18
1330,133.0,7,4,6,1,18
1331,133.1,7,4,6,1,18
1332,133.2,7,4,6,1,18
1333,133.3,7,4,6,1,18
1334,133.4,7,4,6,1,18
1335,133.5,7,4,5,1,17
1336,133.6,8,3,5,1,17
1337,133.7,8,3,5,1,17
1338,133.8,8,3,5,1,17
1339,133.9,8,3,5,1,17
1340,134.0,8,3,5,1,17
1341,134.1,8,3,5,1,17
1342,134.2,9,3,4,1,17
1343,134.3,9,3,4,1,17
1344,134.4,9,3,4,2,18
1345,134.5,9,3,4,2,18
1346,134.6,9,3,4,2,18
1347,134.7,9,3,4,2,18
1348,134.8,9,3,4,2,18
1349,134.9,9,2,4,2,17
1350,135.0,9,2,4,2,17
1351,135.1,9,2,5,2,18
1352,135.2,9,2,5,2,18
1353,135.3,9,2,5,2,18
1354,135.4,9,2,5,2,18
1355,135.5,9,2,5,2,18
1356,135.6,9,2,5,2,18
1357,135.7,9,2,5,2,18
1358,135.8,9,2,5,2,18
1359,135.9,9,2,4,2,17
1360,136.0,9,2,4,2,17
1361,136.1,9,2,4,2,17
1362,136.2,9,2,4,2,17
1363,136.3,9,2,3,2,16
1364,136.4,9,2,3,2,16
1365,136.5,9,3,3,2,17
1366,136.6,9,3,3,2,17
1367,136.7,9,3,2,2,16
1368,136.8,9,3,2,2,16
1369,136.9,9,3,2,2,16
1370,137.0,9,3,2,2,16
1371,137.1,9,3,2,2,16
1372,137.2,9,3,2,2,16
1373,137.3,10,3,2,2,17
1374,137.4,10,3,2,2,17
1375,137.5,10,3,3,2,18
1376,137.6,10,3,3,2,18
1377,137.7,10,3,3,2,18
1378,137.8,10,3,3,2,18
1379,137.9,10,3,4,3,20
1380,138.0,10,3,4,3,20
1381,138.1,10,3,3,3,19
1382,138.2,10,3,1,2,16
1383,138.3,10,3,2,3,18
1384,138.4,10,3,2,3,18
1385,138.5,11,3,2,3,19
1386,138.6,11,3,3,3,20
1387,138.7,11,3,3,3,20
1388,138.8,11,3,3,3,20
1389,138.9,11,3,3,3,20
1390,139.0,11,3,3,2,19
1391,139.1,11,3,3,2,19
1392,139.2,11,3,3,2,19
1393,139.3,11,3,2,2,18
1394,139.4,10,3,3,2,18
1395,139.5,10,3,2,2,17
1396,139.6,11,3,2,2,18
1397,139.7,11,3,2,2,18
1398,139.8,11,3,2,3,19
1399,139.9,11,3,3,3,20
1400,140.0,11,3,3,3,20
1401,140.1,11,3,3,3,20
1402,140.2,11,3,3,3,20
1403,140.3,11,3,3,3,20
1404,140.4,11,3,4,3,21
1405,140.5,11,3,4,3,21
1406,140.6,11,3,4,3,21
1407,140.7,11,3,4,3,21
1408,140.8,11,3,3,3,20
1409,140.9,11,3,4,3,21
1410,141.0,11,3,4,3,21
1411,141.1,11,3,4,3,21
1412,141.2,11,3,4,3,21
1413,141.3,11,3,3,3,20
1414,141.4,11,3,3,3,20
1415,141.5,11,3,3,3,20
1416,141.6,11,3,3,3,20
1417,141.7,11,3,3,3,20
1418,141.8,11,3,3,3,20
1419,141.9,11,3,3,3,20
1420,142.0,11,3,3,3,20
1421,142.1,11,3,2,3,19
1422,142.2,11,3,3,3,20
1423,142.3,11,3,2,3,19
1424,142.4,11,3,2,3,19
1425,142.5,11,3,1,3,18
1426,142.6,11,3,1,3,18
1427,142.7,11,3,2,3,19
1428,142.8,11,3,2,3,19
1429,142.9,11,3,1,3,18
1430,143.0,11,3,0,3,17
1431,143.1,11,3,0,3,17
1432,143.2,11,3,1,3,18
1433,143.3,11,3,1,3,18
1434,143.4,11,3,1,3,18
1435,143.5,11,3,2,3,19
1436,143.6,11,3,2,3,19
1437,143.7,11,3,1,3,18
1438,143.8,11,3,2,3,19
1439,143.9,11,3,2,3,19
1440,144.0,11,3,2,3,19
1441,144.1,11,3,2,3,19
1442,144.2,11,2,2,3,18
1443,144.3,11,2,2,3,18
1444,144.4,11,2,2,3,18
1445,144.5,11,2,2,3,18
1446,144.6,11,2,2,3,18
1447,144.7,10,2,2,3,17
1448,144.8,11,2,1,3,17
1449,144.9,11,2,2,5,20
1450,145.0,11,2,2,5,20
1451,145.1,11,2,2,5,20
1452,145.2,10,2,2,5,19
1453,145.3,11,2,2,4,19
1454,145.4,11,2,2,4,19
1455,145.5,11,2,2,5,20
1456,145.6,11,2,2,5,20
1457,145.7,11,2,2,4,19
1458,145.8,11,2,2,4,19
1459,145.9,11,1,2,4,18
1460,146.0,10,2,2,4,18
1461,146.1,11,2,2,4,19
1462,146.2,10,2,2,4,18
1463,146.3,11,2,2,4,19
1464,146.4,11,2,2,4,19
1465,146.5,11,3,3,4,21
1466,146.6,11,3,3,4,21
1467,146.7,10,3,3,4,20
1468,146.8,10,3,3,4,20
1469,146.9,9,3,3,5,20
1470,147.0,9,3,3,5,20
1471,147.1,9,3,3,5,20
1472,147.2,9,3,3,5,20
1473,147.3,9,3,3,5,20
1474,147.4,9,3,3,5,20
1475,147.5,9,3,3,5,20
1476,147.6,9,3,3,5,20
1477,147.7,9,3,3,6,21
1478,147.8,9,3,3,6,21
1479,147.9,9,3,3,6,21
1480,148.0,9,2,3,6,20
1481,148.1,9,2,3,5,19
1482,148.2,9,2,3,5,19
1483,148.3,9,1,3,6,19
1484,148.4,9,2,3,6,20
1485,148.5,9,2,3,6,20
1486,148.6,9,2,3,6,20
1487,148.7,9,2,3,6,20
1488,148.8,9,2,3,6,20
1489,148.9,9,2,3,6,20
1490,149.0,9,2,3,6,20
1491,149.1,9,2,3,6,20
1492,149.2,9,2,3,6,20
1493,149.3,9,2,3,5,19
1494,149.4,9,2,3,5,19
1495,149.5,9,2,3,5,19
1496,149.6,9,2,3,5,19
1497,149.7,9,2,3,5,19
1498,149.8,9,2,3,5,19
1499,149.9,9,2,3,5,19
1500,150.0,9,2,3,5,19
1501,150.1,8,2,3,5,18
1502,150.2,8,2,3,5,18
1503,150.3,8,2,3,5,18
1504,150.4,8,2,3,5,18
1505,150.5,8,2,3,5,18
1506,150.6,8,2,3,5,18
1507,150.7,8,3,3,5,19
1508,150.8,8,3,3,5,19
1509,150.9,8,3,3,5,19
1510,151.0,8,3,3,5,19
1511,151.1,8,3,3,5,19
1512,151.2,8,3,3,5,19
1513,151.3,8,3,3,5,19
1514,151.4,8,3,3,5,19
1515,151.5,9,3,3,5,20
1516,151.6,9,3,3,5,20
1517,151.7,9,3,3,5,20
1518,151.8,9,3,3,5,20
1519,151.9,9,3,3,5,20
1520,152.0,9,3,3,5,20
1521,152.1,9,3,3,6,21
1522,152.2,9,3,3,6,21
1523,152.3,9,3,3,6,21
1524,152.4,9,3,3,6,21
1525,152.5,9,3,3,6,21
1526,152.6,9,3,3,6,21
1527,152.7,9,3,3,6,21
1528,152.8,9,3,3,6,21
1529,152.9,9,3,3,5,20
1530,153.0,9,3,3,7,22
1531,153.1,9,3,3,7,22
1532,153.2,9,2,3,7,21
1533,153.3,9,2,4,7,22
1534,153.4,9,2,4,7,22
1535,153.5,9,2,4,7,22
1536,153.6,9,2,4,7,22
1537,153.7,9,2,4,7,22
1538,153.8,9,2,4,7,22
1539,153.9,9,2,5,6,22
1540,154.0,9,2,6,6,23
1541,154.1,9,2,6,6,23
1542,154.2,9,2,6,6,23
1543,154.3,8,2,6,6,22
1544,154.4,8,2,6,6,22
1545,154.5,8,2,6,6,22
1546,154.6,8,2,6,6,22
1547,154.7,8,2,6,6,22
1548,154.8,8,2,6,5,21
1549,154.9,8,2,6,6,22
1550,155.0,8,2,6,6,22
1551,155.1,8,2,6,6,22
1552,155.2,8,2,6,5,21
1553,155.3,8,2,6,5,21
1554,155.4,8,2,6,5,21
1555,155.5,8,2,6,5,21
1556,155.6,8,2,6,5,21
1557,155.7,8,2,6,5,21
1558,155.8,8,2,6,5,21
1559,155.9,8,2,6,5,21
1560,156.0,9,2,6,5,22
1561,156.1,10,2,6,5,23
1562,156.2,10,2,6,5,23
1563,156.3,10,2,6,5,23
1564,156.4,10,2,6,6,24
1565,156.5,10,2,6,6,24
1566,156.6,10,2,6,6,24
1567,156.7,10,2,6,6,24
1568,156.8,10,2,6,5,23
1569,156.9,10,2,6,5,23
1570,157.0,10,2,6,4,22
1571,157.1,10,1,6,5,22
1572,157.2,10,1,6,5,22
1573,157.3,10,1,6,4,21
1574,157.4,10,1,6,4,21
1575,157.5,10,1,7,5,23
1576,157.6,10,1,7,4,22
1577,157.7,9,1,7,4,21
1578,157.8,9,1,7,4,21
1579,157.9,9,1,6,4,20
1580,158.0,9,1,7,4,21
1581,158.1,9,1,7,4,21
1582,158.2,9,1,7,4,21
1583,158.3,9,1,7,4,21
1584,158.4,9,1,7,4,21
1585,158.5,9,1,7,4,21
1586,158.6,9,1,7,4,21
1587,158.7,9,1,7,4,21
1588,158.8,9,1,8,4,22
1589,158.9,9,1,8,4,22
1590,159.0,9,1,8,4,22
1591,159.1,9,1,8,4,22
1592,159.2,9,1,8,4,22
1593,159.3,9,1,8,4,22
1594,159.4,9,1,8,4,22
1595,159.5,9,2,8,4,23
1596,159.6,9,2,8,4,23
1597,159.7,9,2,8,4,23
1598,159.8,9,2,8,4,23
1599,159.9,9,2,8,4,23
1600,160.0,9,2,8,4,23
1601,160.1,9,2,8,5,24
1602,160.2,9,2,8,5,24
1603,160.3,9,2,8,5,24
1604,160.4,9,2,8,5,24
1605,160.5,9,2,8,5,24
1606,160.6,9,2,8,4,23
1607,160.7,9,2,8,4,23
1608,160.8,10,2,8,3,23
1609,160.9,10,2,8,3,23
1610,161.0,10,2,8,4,24
1611,161.1,10,2,7,4,23
1612,161.2,10,3,7,3,23
1613,161.3,10,3,7,3,23
1614,161.4,10,3,7,3,23
1615,161.5,10,3,7,3,23
1616,161.6,9,3,7,3,22
1617,161.7,9,3,7,3,22
1618,161.8,9,2,7,3,21
1619,161.9,9,3,7,3,22
1620,162.0,9,3,8,3,23
1621,162.1,9,3,9,3,24
1622,162.2,9,3,9,3,24
1623,162.3,9,3,8,3,23
1624,162.4,9,3,9,3,24
1625,162.5,9,3,9,3,24
1626,162.6,9,2,9,3,23
1627,162.7,9,2,9,3,23
1628,162.8,9,2,9,3,23
1629,162.9,8,2,9,3,22
1630,163.0,8,2,9,3,22
1631,163.1,8,2,9,3,22
1632,163.2,8,2,9,3,22
1633,163.3,8,2,9,3,22
1634,163.4,8,2,9,3,22
1635,163.5,8,2,9,3,22
1636,163.6,8,2,9,3,22
1637,163.7,8,2,9,3,22
1638,163.8,8,2,9,3,22
1639,163.9,8,3,9,3,23
1640,164.0,8,3,9,4,24
1641,164.1,8,3,9,4,24
1642,164.2,8,3,9,4,24
1643,164.3,8,3,9,4,24
1644,164.4,8,3,9,4,24
1645,164.5,8,3,9,4,24
1646,164.6,8,3,8,4,23
1647,164.7,8,3,9,4,24
1648,164.8,8,3,9,4,24
1649,164.9,8,3,9,4,24
1650,165.0,8,3,9,5,25
1651,165.1,8,3,9,5,25
1652,165.2,8,3,9,5,25
1653,165.3,8,3,9,4,24
1654,165.4,8,3,9,4,24
1655,165.5,8,3,9,4,24
1656,165.6,8,3,9,5,25
1657,165.7,8,3,9,4,24
1658,165.8,8,3,9,5,25
1659,165.9,8,3,9,5,25
1660,166.0,8,3,9,6,26
1661,166.1,8,3,9,6,26
1662,166.2,8,3,9,6,26
1663,166.3,8,3,9,6,26
1664,166.4,8,3,9,6,26
1665,166.5,8,3,9,6,26
1666,166.6,8,3,10,6,27
1667,166.7,8,3,10,6,27
1668,166.8,8,3,10,6,27
1669,166.9,8,3,10,6,27
1670,167.0,8,3,10,6,27
1671,167.1,8,3,10,6,27
1672,167.2,8,3,10,6,27
1673,167.3,8,3,11,6,28
1674,167.4,8,3,11,6,28
1675,167.5,8,3,11,6,28
1676,167.6,8,3,11,7,29
1677,167.7,8,3,11,6,28
1678,167.8,8,3,11,6,28
1679,167.9,8,3,12,6,29
1680,168.0,8,3,10,6,27
1681,168.1,8,3,12,6,29
1682,168.2,8,3,11,7,29
1683,168.3,8,3,11,6,28
1684,168.4,8,3,11,6,28
1685,168.5,8,3,11,7,29
1686,168.6,8,3,12,7,30
1687,168.7,8,3,12,7,30
1688,168.8,8,3,12,7,30
1689,168.9,8,3,12,7,30
1690,169.0,8,3,12,8,31
1691,169.1,8,3,12,8,31
1692,169.2,8,3,12,8,31
1693,169.3,8,3,12,8,31
1694,169.4,8,3,12,8,31
1695,169.5,8,3,12,8,31
1696,169.6,8,3,11,7,29
1697,169.7,8,3,12,7,30
1698,169.8,8,3,12,8,31
1699,169.9,8,3,12,7,30
1700,170.0,8,3,12,7,30
1701,170.1,8,3,11,7,29
1702,170.2,8,3,12,7,30
1703,170.3,8,3,12,7,30
1704,170.4,8,3,12,7,30
1705,170.5,8,3,12,7,30
1706,170.6,8,3,11,7,29
1707,170.7,8,3,12,7,30
1708,170.8,7,3,12,7,29
1709,170.9,7,3,12,8,30
1710,171.0,7,3,12,8,30
1711,171.1,7,3,12,8,30
1712,171.2,7,2,12,8,29
1713,171.3,7,2,11,9,29
1714,171.4,7,2,11,9,29
1715,171.5,7,2,11,9,29
1716,171.6,7,2,11,9,29
1717,171.7,6,2,12,9,29
1718,171.8,6,2,12,9,29
1719,171.9,6,2,13,8,29
1720,172.0,6,2,13,9,30
1721,172.1,6,2,13,10,31
1722,172.2,6,3,13,10,32
1723,172.3,6,3,13,10,32
1724,172.4,6,2,14,10,32
1725,172.5,6,2,14,9,31
1726,172.6,6,2,14,9,31
1727,172.7,5,2,14,9,30
1728,172.8,5,2,14,10,31
1729,172.9,4,3,14,10,31
1730,173.0,3,3,14,9,29
1731,173.1,3,3,14,10,30
1732,173.2,3,3,13,10,29
1733,173.3,3,3,14,10,30
1734,173.4,3,3,14,9,29
1735,173.5,3,3,13,10,29
1736,173.6,3,3,14,10,30
1737,173.7,3,3,14,9,29
1738,173.8,3,3,14,10,30
1739,173.9,3,3,13,10,29
1740,174.0,3,3,14,11,31
1741,174.1,2,3,14,9,28
1742,174.2,2,3,13,9,27
1743,174.3,2,3,14,9,28
1744,174.4,2,3,13,9,27
1745,174.5,2,3,13,9,27
1746,174.6,2,2,13,9,26
1747,174.7,3,1,13,8,25
1748,174.8,3,1,13,9,26
1749,174.9,3,1,13,10,27
1750,175.0,3,1,13,9,26
1751,175.1,3,1,13,9,26
1752,175.2,3,1,13,9,26
1753,175.3,4,1,13,9,27
1754,175.4,4,1,13,9,27
1755,175.5,4,1,13,9,27
1756,175.6,4,1,13,10,28
1757,175.7,4,1,13,9,27
1758,175.8,4,1,13,10,28
1759,175.9,3,1,13,9,26
1760,176.0,3,1,13,10,27
1761,176.1,3,1,13,9,26
1762,176.2,3,1,13,9,26
1763,176.3,3,1,13,9,26
1764,176.4,3,1,13,9,26
1765,176.5,3,0,13,9,25
1766,176.6,3,0,13,8,24
1767,176.7,3,0,13,9,25
1768,176.8,3,0,13,9,25
1769,176.9,3,0,13,9,25
1770,177.0,3,0,13,9,25
1771,177.1,3,0,13,9,25
1772,177.2,3,0,13,10,26
1773,177.3,3,0,13,9,25
1774,177.4,3,1,13,10,27
1775,177.5,3,1,13,9,26
1776,177.6,3,1,13,9,26
1777,177.7,3,1,13,9,26
1778,177.8,3,1,13,9,26
1779,177.9,3,1,13,9,26
1780,178.0,3,1,13,9,26
1781,178.1,2,1,13,8,24
1782,178.2,2,1,13,7,23
1783,178.3,2,1,13,7,23
1784,178.4,2,1,13,7,23
1785,178.5,2,1,13,6,22
1786,178.6,2,1,13,5,21
1787,178.7,2,1,13,7,23
1788,178.8,2,1,13,7,23
1789,178.9,2,1,13,7,23
1790,179.0,2,2,13,7,24
1791,179.1,2,2,13,7,24
1792,179.2,2,2,13,8,25
1793,179.3,2,2,12,8,24
1794,179.4,2,2,13,8,25
1795,179.5,2,2,13,8,25
1796,179.6,2,2,13,8,25
1797,179.7,2,2,12,7,23
1798,179.8,2,2,13,7,24
1799,179.9,2,2,13,7,24
1800,180.0,2,2,13,7,24
1801,180.1,2,2,13,7,24
1802,180.2,2,2,13,7,24
1803,180.3,2,1,13,8,24
1804,180.4,1,2,13,8,24
1805,180.5,1,2,13,8,24
1806,180.6,1,3,13,8,25
1807,180.7,1,3,13,8,25
1808,180.8,1,3,13,8,25
1809,180.9,1,4,13,8,26
1810,181.0,1,4,13,8,26
1811,181.1,1,4,13,8,26
1812,181.2,0,4,13,8,25
1813,181.3,0,4,13,8,25
1814,181.4,0,3,13,8,24
1815,181.5,0,3,13,8,24
1816,181.6,0,3,13,8,24
1817,181.7,0,3,13,7,23
1818,181.8,0,3,12,8,23
1819,181.9,0,3,14,8,25
1820,182.0,0,3,14,8,25
1821,182.1,0,3,13,8,24
1822,182.2,0,3,14,8,25
1823,182.3,0,2,14,8,24
1824,182.4,0,2,14,8,24
1825,182.5,0,2,14,8,24
1826,182.6,0,2,14,8,24
1827,182.7,0,2,14,8,24
1828,182.8,0,2,14,8,24
1829,182.9,0,2,14,8,24
1830,183.0,0,2,13,8,23
1831,183.1,0,2,14,8,24
1832,183.2,0,2,13,8,23
1833,183.3,0,2,13,8,23
1834,183.4,0,2,13,8,23
1835,183.5,0,2,13,9,24
1836,183.6,0,2,13,9,24
1837,183.7,0,2,13,9,24
1838,183.8,0,2,12,9,23
1839,183.9,0,2,12,9,23
1840,184.0,0,2,13,9,24
1841,184.1,0,2,13,9,24
1842,184.2,0,2,13,9,24
1843,184.3,0,2,13,9,24
1844,184.4,0,2,13,9,24
1845,184.5,0,2,12,9,23
1846,184.6,0,2,12,9,23
1847,184.7,0,2,13,9,24
1848,184.8,0,2,13,9,24
1849,184.9,0,2,12,9,23
1850,185.0,0,3,13,9,25
1851,185.1,0,2,13,9,24
1852,185.2,0,3,13,9,25
1853,185.3,0,3,13,9,25
1854,185.4,0,2,13,9,24
1855,185.5,0,2,13,9,24
1856,185.6,0,2,13,9,24
1857,185.7,0,2,13,9,24
1858,185.8,0,2,13,9,24
1859,185.9,0,2,13,9,24
1860,186.0,0,2,13,9,24
1861,186.1,0,3,13,9,25
1862,186.2,0,3,13,8,24
1863,186.3,0,3,13,8,24
1864,186.4,0,3,13,7,23
1865,186.5,0,2,13,8,23
1866,186.6,0,2,13,8,23
1867,186.7,0,2,13,7,22
1868,186.8,0,2,13,7,22
1869,186.9,0,2,13,7,22
1870,187.0,0,2,13,7,22
1871,187.1,0,2,13,7,22
1872,187.2,0,2,14,7,23
1873,187.3,0,2,14,7,23
1874,187.4,0,2,13,7,22
1875,187.5,0,2,13,7,22
1876,187.6,0,2,13,7,22
1877,187.7,0,2,13,8,23
1878,187.8,0,2,14,8,24
1879,187.9,0,2,14,7,23
1880,188.0,0,2,14,7,23
1881,188.1,0,2,14,7,23
1882,188.2,0,2,14,7,23
1883,188.3,0,2,14,7,23
1884,188.4,0,2,14,8,24
1885,188.5,0,2,14,8,24
1886,188.6,0,2,14,8,24
1887,188.7,0,2,14,8,24
1888,188.8,0,2,14,8,24
1889,188.9,0,2,14,8,24
1890,189.0,0,2,14,8,24
1891,189.1,0,2,14,8,24
1892,189.2,0,3,14,7,24
1893,189.3,0,3,14,8,25
1894,189.4,0,3,14,8,25
1895,189.5,0,3,14,8,25
1896,189.6,0,3,14,8,25
1897,189.7,0,3,14,8,25
1898,189.8,0,3,14,8,25
1899,189.9,0,3,14,8,25
1900,190.0,0,3,14,8,25
1901,190.1,0,3,14,7,24
1902,190.2,0,3,14,8,25
1903,190.3,0,2,14,8,24
1904,190.4,0,2,14,8,24
1905,190.5,0,2,14,7,23
1906,190.6,0,3,14,7,24
1907,190.7,0,3,14,7,24
1908,190.8,0,3,14,8,25
1909,190.9,0,3,14,7,24
1910,191.0,0,3,14,7,24
1911,191.1,0,3,14,7,24
1912,191.2,0,3,14,7,24
1913,191.3,0,3,14,7,24
1914,191.4,0,3,14,8,25
1915,191.5,0,3,14,8,25
1916,191.6,0,3,14,8,25
1917,191.7,0,3,14,8,25
1918,191.8,0,3,14,8,25
1919,191.9,0,3,14,8,25
1920,192.0,0,3,14,8,25
1921,192.1,0,3,14,8,25
1922,192.2,0,2,15,10,27
1923,192.3,0,2,15,10,27
1924,192.4,0,2,14,10,26
1925,192.5,0,2,14,10,26
1926,192.6,0,2,15,10,27
1927,192.7,0,1,14,10,25
1928,192.8,0,1,14,10,25
1929,192.9,0,1,14,10,25
1930,193.0,0,1,14,10,25
1931,193.1,0,1,14,10,25
1932,193.2,0,1,14,10,25
1933,193.3,0,1,14,9,24
1934,193.4,0,1,14,8,23
1935,193.5,0,1,14,8,23
1936,193.6,0,1,14,8,23
1937,193.7,0,1,15,8,24
1938,193.8,0,1,15,8,24
1939,193.9,0,2,15,8,25
1940,194.0,0,2,14,8,24
1941,194.1,0,2,14,9,25
1942,194.2,0,2,13,8,23
1943,194.3,0,2,14,8,24
1944,194.4,0,2,14,7,23
1945,194.5,0,2,14,7,23
1946,194.6,0,2,15,8,25
1947,194.7,0,2,15,8,25
1948,194.8,0,2,14,7,23
1949,194.9,0,2,13,8,23
1950,195.0,0,3,15,8,26
1951,195.1,0,3,13,8,24
1952,195.2,0,2,15,7,24
1953,195.3,0,2,15,8,25
1954,195.4,0,2,15,8,25
1955,195.5,0,2,15,8,25
1956,195.6,0,2,15,8,25
1957,195.7,0,2,14,8,24
1958,195.8,0,2,14,8,24
1959,195.9,0,2,14,8,24
1960,196.0,0,2,15,8,25
1961,196.1,0,2,14,9,25
1962,196.2,0,2,15,8,25
1963,196.3,0,2,15,8,25
1964,196.4,0,2,15,8,25
1965,196.5,0,2,15,8,25
1966,196.6,0,2,15,8,25
1967,196.7,0,2,15,8,25
1968,196.8,1,2,15,8,26
1969,196.9,1,2,15,8,26
1970,197.0,1,2,15,8,26
1971,197.1,1,2,15,8,26
1972,197.2,1,2,15,8,26
1973,197.3,1,2,15,8,26
1974,197.4,1,2,15,8,26
1975,197.5,1,2,15,7,25
1976,197.6,1,2,15,7,25
1977,197.7,1,2,15,7,25
1978,197.8,1,2,15,7,25
1979,197.9,1,2,14,7,24
1980,198.0,1,2,15,9,27
1981,198.1,1,2,15,9,27
1982,198.2,1,2,15,10,28
1983,198.3,2,2,15,9,28
1984,198.4,2,2,15,9,28
1985,198.5,2,2,15,9,28
1986,198.6,1,2,15,9,27
1987,198.7,2,2,15,9,28
1988,198.8,2,2,15,9,28
1989,198.9,2,2,14,9,27
1990,199.0,2,2,15,9,28
1991,199.1,2,2,15,10,29
1992,199.2,2,2,15,9,28
1993,199.3,1,1,15,10,27
1994,199.4,1,1,15,9,26
1995,199.5,2,1,15,9,27
1996,199.6,2,1,15,9,27
1997,199.7,2,1,15,9,27
1998,199.8,2,1,16,9,28
1999,199.9,2,1,16,8,27
2000,200.0,2,1,16,8,27
2001,200.1,2,1,16,8,27
2002,200.2,2,1,16,8,27
2003,200.3,1,1,16,8,26
2004,200.4,2,1,16,8,27
2005,200.5,2,1,16,8,27
2006,200.6,2,1,16,8,27
2007,200.7,3,1,16,8,28
2008,200.8,3,1,16,8,28
2009,200.9,3,1,16,9,29
2010,201.0,3,1,16,9,29
2011,201.1,3,1,15,9,28
2012,201.2,2,1,16,9,28
2013,201.3,2,1,15,10,28
2014,201.4,2,1,15,10,28
2015,201.5,2,1,14,10,27
2016,201.6,2,1,15,10,28
2017,201.7,2,1,14,11,28
2018,201.8,2,1,15,10,28
2019,201.9,2,1,15,10,28
2020,202.0,2,1,15,10,28
2021,202.1,2,1,16,9,28
2022,202.2,2,1,16,9,28
2023,202.3,2,1,16,9,28
2024,202.4,2,1,16,9,28
2025,202.5,2,1,15,9,27
2026,202.6,2,1,16,9,28
2027,202.7,2,1,14,9,26
2028,202.8,2,1,16,9,28
2029,202.9,2,1,15,9,27
2030,203.0,2,1,16,9,28
2031,203.1,2,1,16,9,28
2032,203.2,1,1,16,9,27
2033,203.3,1,1,16,9,27
2034,203.4,1,1,16,9,27
2035,203.5,2,1,16,9,28
2036,203.6,1,1,16,9,27
2037,203.7,2,1,16,9,28
2038,203.8,2,1,16,9,28
2039,203.9,2,1,17,9,29
2040,204.0,2,1,17,9,29
2041,204.1,2,1,17,9,29
2042,204.2,2,1,17,9,29
2043,204.3,2,1,17,10,30
2044,204.4,2,2,17,10,31
2045,204.5,2,2,17,10,31
2046,204.6,1,2,17,10,30
2047,204.7,2,2,17,10,31
2048,204.8,1,2,17,10,30
2049,204.9,2,2,17,11,32
2050,205.0,2,2,17,11,32
2051,205.1,2,2,17,11,32
2052,205.2,2,2,17,11,32
2053,205.3,2,2,17,11,32
2054,205.4,2,2,17,11,32
2055,205.5,2,2,17,11,32
2056,205.6,2,3,16,11,32
2057,205.7,2,3,16,11,32
2058,205.8,2,3,16,11,32
2059,205.9,2,3,16,11,32
2060,206.0,3,3,16,11,33
2061,206.1,3,3,15,11,32
2062,206.2,3,3,15,10,31
2063,206.3,3,3,15,10,31
2064,206.4,3,3,15,10,31
2065,206.5,3,3,16,10,32
2066,206.6,3,3,16,10,32
2067,206.7,2,3,16,10,31
2068,206.8,2,3,16,10,31
2069,206.9,2,3,16,10,31
2070,207.0,3,3,16,10,32
2071,207.1,3,3,16,10,32
2072,207.2,3,3,16,10,32
2073,207.3,3,3,14,10,30
2074,207.4,3,3,15,10,31
2075,207.5,3,3,14,10,30
2076,207.6,3,3,14,10,30
2077,207.7,3,3,15,10,31
2078,207.8,3,3,15,10,31
2079,207.9,3,3,15,10,31
2080,208.0,3,3,16,10,32
2081,208.1,3,3,16,10,32
2082,208.2,3,3,16,10,32
2083,208.3,3,3,16,10,32
2084,208.4,3,3,16,10,32
2085,208.5,3,4,15,9,31
2086,208.6,3,4,15,9,31
2087,208.7,3,5,15,9,32
2088,208.8,3,5,16,8,32
2089,208.9,3,5,16,8,32
2090,209.0,3,5,16,7,31
2091,209.1,3,5,16,7,31
2092,209.2,3,5,16,7,31
2093,209.3,3,5,16,7,31
2094,209.4,3,5,16,7,31
2095,209.5,3,5,16,7,31
2096,209.6,3,5,16,7,31
2097,209.7,3,5,16,7,31
2098,209.8,3,5,16,7,31
2099,209.9,3,5,16,7,31
2100,210.0,3,5,16,6,30
2101,210.1,3,5,16,6,30
2102,210.2,3,5,17,6,31
2103,210.3,3,5,17,6,31
2104,210.4,3,5,17,6,31
2105,210.5,3,5,17,6,31
2106,210.6,3,5,17,6,31
2107,210.7,3,5,18,6,32
2108,210.8,3,5,16,5,29
2109,210.9,3,5,17,5,30
2110,211.0,3,5,19,5,32
2111,211.1,3,5,18,5,31
2112,211.2,3,5,17,6,31
2113,211.3,3,5,17,6,31
2114,211.4,4,5,16,6,31
2115,211.5,4,5,16,6,31
2116,211.6,4,5,16,6,31
2117,211.7,4,5,14,6,29
2118,211.8,4,5,13,5,27
2119,211.9,4,5,14,5,28
2120,212.0,4,5,14,5,28
2121,212.1,4,5,14,5,28
2122,212.2,4,5,14,5,28
2123,212.3,4,5,14,5,28
2124,212.4,4,5,14,4,27
2125,212.5,4,5,14,4,27
2126,212.6,4,5,14,4,27
2127,212.7,4,5,13,4,26
2128,212.8,4,5,13,4,26
2129,212.9,4,5,13,4,26
2130,213.0,4,5,13,4,26
2131,213.1,4,5,13,4,26
2132,213.2,4,5,13,3,25
2133,213.3,4,5,13,3,25
2134,213.4,4,5,13,3,25
2135,213.5,3,6,13,3,25
2136,213.6,4,6,13,3,26
2137,213.7,4,6,13,3,26
2138,213.8,4,5,12,3,24
2139,213.9,4,5,12,3,24
2140,214.0,4,5,12,2,23
2141,214.1,4,5,11,2,22
2142,214.2,4,5,11,2,22
2143,214.3,4,5,11,2,22
2144,214.4,4,5,11,2,22
2145,214.5,4,5,11,3,23
2146,214.6,4,5,11,3,23
2147,214.7,4,5,11,3,23
2148,214.8,4,5,11,3,23
2149,214.9,4,6,11,3,24
2150,215.0,4,6,11,3,24
2151,215.1,4,6,10,3,23
2152,215.2,3,6,10,3,22
2153,215.3,3,6,10,3,22
2154,215.4,3,6,10,3,22
2155,215.5,4,6,10,3,23
2156,215.6,3,6,10,2,21
2157,215.7,4,6,9,4,23
2158,215.8,4,6,9,4,23
2159,215.9,3,6,9,4,22
2160,216.0,3,6,9,4,22
2161,216.1,3,6,9,4,22
2162,216.2,4,6,9,4,23
2163,216.3,4,6,9,4,23
2164,216.4,3,6,9,4,22
2165,216.5,3,6,9,3,21
2166,216.6,3,6,9,3,21
2167,216.7,3,6,9,4,22
2168,216.8,3,6,8,4,21
2169,216.9,3,6,8,3,20
2170,217.0,3,6,8,3,20
2171,217.1,3,6,8,3,20
2172,217.2,3,6,8,3,20
2173,217.3,3,6,7,3,19
2174,217.4,3,6,7,3,19
2175,217.5,4,6,7,3,20
2176,217.6,4,6,6,3,19
2177,217.7,3,6,6,3,18
2178,217.8,3,6,6,3,18
2179,217.9,4,6,7,3,20
2180,218.0,4,6,7,3,20
2181,218.1,4,6,7,3,20
2182,218.2,4,6,7,3,20
2183,218.3,4,6,7,3,20
2184,218.4,3,6,7,3,19
2185,218.5,3,6,7,3,19
2186,218.6,3,6,7,3,19
2187,218.7,3,6,7,3,19
2188,218.8,4,6,7,2,19
2189,218.9,4,6,7,2,19
2190,219.0,4,6,7,2,19
2191,219.1,4,6,7,2,19
2192,219.2,4,6,7,2,19
2193,219.3,4,6,7,2,19
2194,219.4,3,6,7,2,18
2195,219.5,3,6,7,2,18
2196,219.6,3,6,7,2,18
2197,219.7,3,6,7,2,18
2198,219.8,3,6,7,2,18
2199,219.9,3,6,7,3,19
2200,220.0,2,6,7,3,18
2201,220.1,3,6,7,3,19
2202,220.2,3,6,7,3,19
2203,220.3,3,6,7,4,20
2204,220.4,3,6,6,4,19
2205,220.5,3,6,6,4,19
2206,220.6,3,6,5,4,18
2207,220.7,3,6,5,4,18
2208,220.8,3,6,5,4,18
2209,220.9,3,6,6,4,19
2210,221.0,3,6,6,4,19
2211,221.1,3,6,6,4,19
2212,221.2,3,6,6,4,19
2213,221.3,3,6,6,4,19
2214,221.4,3,6,6,4,19
2215,221.5,3,6,6,4,19
2216,221.6,3,6,6,4,19
2217,221.7,3,6,6,4,19
2218,221.8,3,6,6,3,18
2219,221.9,3,6,6,3,18
2220,222.0,3,6,6,3,18
2221,222.1,3,6,6,4,19
2222,222.2,3,7,6,2,18
2223,222.3,3,7,6,3,19
2224,222.4,3,7,6,4,20
2225,222.5,3,7,6,4,20
2226,222.6,3,7,6,4,20
2227,222.7,4,7,5,4,20
2228,222.8,4,7,5,4,20
2229,222.9,4,7,5,4,20
2230,223.0,4,7,5,3,19
2231,223.1,4,7,5,3,19
2232,223.2,3,7,5,3,18
2233,223.3,4,7,5,4,20
2234,223.4,4,7,5,4,20
2235,223.5,3,7,5,3,18
2236,223.6,4,7,5,4,20
2237,223.7,4,7,5,5,21
2238,223.8,3,7,5,4,19
2239,223.9,3,7,5,4,19
2240,224.0,4,7,5,4,20
2241,224.1,4,7,5,5,21
2242,224.2,4,7,5,3,19
2243,224.3,3,7,5,5,20
2244,224.4,3,7,5,5,20
2245,224.5,4,7,5,5,21
2246,224.6,4,7,5,4,20
2247,224.7,3,7,6,3,19
2248,224.8,3,7,6,3,19
2249,224.9,4,7,6,3,20
2250,225.0,3,7,6,5,21
2251,225.1,3,6,5,3,17
2252,225.2,3,6,5,4,18
2253,225.3,3,6,5,3,17
2254,225.4,3,6,5,4,18
2255,225.5,4,6,5,5,20
2256,225.6,4,6,6,3,19
2257,225.7,3,6,5,4,18
2258,225.8,3,6,5,5,19
2259,225.9,3,6,5,5,19
2260,226.0,3,6,5,5,19
2261,226.1,4,6,4,4,18
2262,226.2,3,6,4,4,17
2263,226.3,3,6,4,4,17
2264,226.4,3,6,4,4,17
2265,226.5,3,6,4,4,17
2266,226.6,3,6,4,4,17
2267,226.7,3,6,4,4,17
2268,226.8,3,6,4,4,17
2269,226.9,3,6,4,5,18
2270,227.0,3,6,4,5,18
2271,227.1,3,6,4,6,19
2272,227.2,3,6,4,7,20
2273,227.3,3,6,4,7,20
2274,227.4,3,6,4,8,21
2275,227.5,3,6,5,7,21
2276,227.6,3,6,5,8,22
2277,227.7,3,6,5,9,23
2278,227.8,3,6,5,9,23
2279,227.9,3,6,5,9,23
2280,228.0,3,6,5,8,22
2281,228.1,3,6,5,7,21
2282,228.2,3,6,5,7,21
2283,228.3,3,6,5,7,21
2284,228.4,3,6,5,6,20
2285,228.5,3,6,6,7,22
2286,228.6,3,6,5,7,21
2287,228.7,3,6,5,7,21
2288,228.8,3,6,5,7,21
2289,228.9,3,6,5,7,21
2290,229.0,3,6,5,7,21
2291,229.1,3,6,5,7,21
2292,229.2,3,6,5,7,21
2293,229.3,3,6,5,7,21
2294,229.4,3,6,5,7,21
2295,229.5,3,6,5,7,21
2296,229.6,3,6,5,7,21
2297,229.7,3,6,5,6,20
2298,229.8,3,6,5,6,20
2299,229.9,3,6,5,6,20
2300,230.0,3,6,5,6,20
2301,230.1,3,6,5,6,20
2302,230.2,4,6,5,5,20
2303,230.3,4,6,5,5,20
2304,230.4,4,6,5,6,21
2305,230.5,4,6,5,7,22
2306,230.6,4,6,4,6,20
2307,230.7,4,6,4,7,21
2308,230.8,4,6,4,7,21
2309,230.9,4,6,4,7,21
2310,231.0,4,6,3,7,20
2311,231.1,4,6,3,6,19
2312,231.2,4,6,4,6,20
2313,231.3,4,6,4,6,20
2314,231.4,4,6,4,4,18
2315,231.5,4,6,4,4,18
2316,231.6,4,6,4,4,18
2317,231.7,4,6,4,4,18
2318,231.8,4,6,4,5,19
2319,231.9,4,6,4,4,18
2320,232.0,4,6,5,4,19
2321,232.1,4,6,5,5,20
2322,232.2,4,6,5,4,19
2323,232.3,4,6,5,4,19
2324,232.4,4,6,5,4,19
2325,232.5,4,6,5,3,18
2326,232.6,4,6,5,4,19
2327,232.7,4,6,5,4,19
2328,232.8,4,6,4,4,18
2329,232.9,4,6,6,3,19
2330,233.0,4,6,5,3,18
2331,233.1,4,6,5,4,19
2332,233.2,4,6,4,4,18
2333,233.3,4,6,4,4,18
2334,233.4,4,6,4,3,17
2335,233.5,4,6,4,4,18
2336,233.6,4,6,5,5,20
2337,233.7,4,6,5,5,20
2338,233.8,4,6,4,5,19
2339,233.9,4,6,5,4,19
2340,234.0,4,5,4,4,17
2341,234.1,4,5,5,3,17
2342,234.2,4,5,5,3,17
2343,234.3,4,5,6,3,18
2344,234.4,4,5,6,3,18
2345,234.5,4,5,6,3,18
2346,234.6,4,5,6,3,18
2347,234.7,4,5,5,3,17
2348,234.8,4,5,5,3,17
2349,234.9,4,5,5,3,17
2350,235.0,4,5,6,3,18
2351,235.1,4,5,6,3,18
2352,235.2,4,5,6,3,18
2353,235.3,3,5,6,3,17
2354,235.4,4,5,6,3,18
2355,235.5,4,5,6,3,18
2356,235.6,4,5,6,3,18
2357,235.7,3,5,6,3,17
2358,235.8,3,5,6,3,17
2359,235.9,4,5,6,3,18
2360,236.0,4,5,6,3,18
2361,236.1,4,5,6,3,18
2362,236.2,4,5,6,3,18
2363,236.3,4,5,6,4,19
2364,236.4,4,5,6,5,20
2365,236.5,4,5,6,5,20
2366,236.6,4,5,6,5,20
2367,236.7,4,5,6,5,20
2368,236.8,4,5,6,5,20
2369,236.9,4,5,6,5,20
2370,237.0,4,5,6,5,20
2371,237.1,4,5,6,5,20
2372,237.2,4,5,6,5,20
2373,237.3,4,5,6,5,20
2374,237.4,4,5,6,3,18
2375,237.5,4,5,6,4,19
2376,237.6,4,5,6,5,20
2377,237.7,4,5,7,5,21
2378,237.8,4,5,7,5,21
2379,237.9,4,5,7,4,20
2380,238.0,4,5,7,5,21
2381,238.1,4,5,7,5,21
2382,238.2,4,5,7,5,21
2383,238.3,4,5,6,5,20
2384,238.4,4,5,6,4,19
2385,238.5,4,5,6,4,19
2386,238.6,4,5,6,4,19
2387,238.7,4,5,7,4,20
2388,238.8,3,5,7,4,19
2389,238.9,3,5,7,4,19
2390,239.0,4,5,6,3,18
2391,239.1,4,5,8,4,21
2392,239.2,4,5,7,4,20
2393,239.3,4,6,7,3,20
2394,239.4,4,6,8,3,21
2395,239.5,4,6,8,2,20
2396,239.6,4,6,8,2,20
2397,239.7,4,6,8,2,20
2398,239.8,4,6,8,3,21
2399,239.9,4,6,8,2,20
2400,240.0,4,6,8,3,21
2401,240.1,4,6,8,2,20
2402,240.2,3,6,8,2,19
2403,240.3,3,6,8,2,19
2404,240.4,3,6,9,2,20
2405,240.5,3,6,9,2,20
2406,240.6,3,6,10,2,21
2407,240.7,3,6,10,2,21
2408,240.8,3,6,10,3,22
2409,240.9,3,6,10,3,22
2410,241.0,4,6,11,3,24
2411,241.1,4,6,11,3,24
2412,241.2,3,6,11,2,22
2413,241.3,3,6,11,3,23
2414,241.4,3,6,11,2,22
2415,241.5,3,6,11,3,23
2416,241.6,3,6,11,3,23
2417,241.7,3,6,11,3,23
2418,241.8,3,6,11,4,24
2419,241.9,3,6,11,4,24
2420,242.0,3,6,11,4,24
2421,242.1,3,6,11,4,24
2422,242.2,3,6,10,4,23
2423,242.3,3,6,10,4,23
2424,242.4,3,6,10,5,24
2425,242.5,3,6,10,5,24
2426,242.6,3,6,10,5,24
2427,242.7,3,6,10,5,24
2428,242.8,3,6,10,5,24
2429,242.9,3,6,10,5,24
2430,243.0,3,6,10,5,24
2431,243.1,3,6,10,5,24
2432,243.2,3,6,10,5,24
2433,243.3,3,6,10,5,24
2434,243.4,3,6,10,5,24
2435,243.5,3,6,10,5,24
2436,243.6,3,6,10,5,24
2437,243.7,3,6,10,6,25
2438,243.8,3,6,10,6,25
2439,243.9,3,6,10,6,25
2440,244.0,3,6,10,6,25
2441,244.1,2,6,10,6,24
2442,244.2,2,6,10,6,24
2443,244.3,2,6,10,7,25
2444,244.4,2,6,10,7,25
2445,244.5,2,6,10,7,25
2446,244.6,2,6,10,7,25
2447,244.7,2,6,10,6,24
2448,244.8,2,6,10,6,24
2449,244.9,2,5,10,6,23
2450,245.0,2,4,10,6,22
2451,245.1,2,4,10,6,22
2452,245.2,2,4,10,6,22
2453,245.3,2,4,10,6,22
2454,245.4,2,4,9,6,21
2455,245.5,2,4,10,6,22
2456,245.6,2,4,9,6,21
2457,245.7,2,4,9,6,21
2458,245.8,2,4,10,6,22
2459,245.9,2,4,10,6,22
2460,246.0,2,4,10,6,22
2461,246.1,2,4,10,6,22
2462,246.2,2,4,9,6,21
2463,246.3,2,4,9,6,21
2464,246.4,2,4,8,6,20
2465,246.5,2,4,10,7,23
2466,246.6,2,4,10,7,23
2467,246.7,2,4,9,7,22
2468,246.8,2,4,8,8,22
2469,246.9,2,4,8,7,21
2470,247.0,2,4,10,8,24
2471,247.1,2,4,10,7,23
2472,247.2,2,4,10,8,24
2473,247.3,2,3,10,7,22
2474,247.4,2,3,10,7,22
2475,247.5,2,3,10,7,22
2476,247.6,2,3,10,7,22
2477,247.7,3,3,10,7,23
2478,247.8,3,3,9,7,22
2479,247.9,3,3,9,8,23
2480,248.0,3,3,10,8,24
2481,248.1,3,3,10,7,23
2482,248.2,3,3,10,7,23
2483,248.3,3,3,9,7,22
2484,248.4,3,4,9,7,23
2485,248.5,3,4,9,7,23
2486,248.6,3,4,9,7,23
2487,248.7,3,5,9,6,23
2488,248.8,3,5,9,5,22
2489,248.9,3,5,9,6,23
2490,249.0,3,5,9,6,23
2491,249.1,3,5,9,6,23
2492,249.2,3,5,9,6,23
2493,249.3,3,5,9,6,23
2494,249.4,3,5,9,6,23
2495,249.5,3,5,9,6,23
2496,249.6,3,5,9,6,23
2497,249.7,3,5,9,6,23
2498,249.8,3,5,9,6,23
2499,249.9,3,5,9,6,23
2500,250.0,3,5,9,6,23
2501,250.1,3,5,9,7,24
2502,250.2,3,5,9,7,24
2503,250.3,3,5,9,7,24
2504,250.4,3,5,9,7,24
2505,250.5,3,5,9,7,24
2506,250.6,3,5,8,7,23
2507,250.7,3,5,9,7,24
2508,250.8,3,5,9,7,24
2509,250.9,3,5,9,7,24
2510,251.0,3,5,9,7,24
2511,251.1,3,5,9,7,24
2512,251.2,3,5,9,7,24
2513,251.3,3,5,9,7,24
2514,251.4,3,5,9,8,25
2515,251.5,3,4,9,7,23
2516,251.6,3,5,9,8,25
2517,251.7,3,4,9,8,24
2518,251.8,3,5,9,8,25
2519,251.9,3,5,9,8,25
2520,252.0,3,5,9,8,25
2521,252.1,3,5,9,8,25
2522,252.2,3,5,9,8,25
2523,252.3,3,5,9,8,25
2524,252.4,3,5,9,8,25
2525,252.5,3,5,9,7,24
2526,252.6,3,5,9,9,26
2527,252.7,3,5,9,9,26
2528,252.8,3,5,9,9,26
2529,252.9,3,5,9,9,26
2530,253.0,2,4,9,9,24
2531,253.1,2,4,9,9,24
2532,253.2,2,4,9,9,24
2533,253.3,2,4,10,9,25
2534,253.4,2,4,10,9,25
2535,253.5,3,4,10,9,26
2536,253.6,3,4,9,10,26
2537,253.7,3,4,9,10,26
2538,253.8,3,4,7,10,24
2539,253.9,3,4,8,10,25
2540,254.0,3,4,6,11,24
2541,254.1,3,4,8,11,26
2542,254.2,3,4,7,11,25
2543,254.3,3,4,8,11,26
2544,254.4,3,4,9,11,27
2545,254.5,3,5,9,11,28
2546,254.6,3,5,8,11,27
2547,254.7,3,5,8,10,26
2548,254.8,3,5,8,10,26
2549,254.9,3,5,8,9,25
2550,255.0,3,5,8,10,26
2551,255.1,3,5,8,10,26
2552,255.2,3,5,8,10,26
2553,255.3,3,6,8,10,27
2554,255.4,3,5,7,10,25
2555,255.5,3,6,6,10,25
2556,255.6,3,6,8,10,27
2557,255.7,3,6,8,10,27
2558,255.8,3,6,7,10,26
2559,255.9,3,6,8,10,27
2560,256.0,3,6,7,9,25
2561,256.1,3,6,7,9,25
2562,256.2,3,6,7,8,24
2563,256.3,3,6,8,8,25
2564,256.4,3,6,8,7,24
2565,256.5,3,6,8,8,25
2566,256.6,3,6,7,8,24
2567,256.7,3,6,7,8,24
2568,256.8,3,6,7,8,24
2569,256.9,3,6,8,8,25
2570,257.0,3,6,7,8,24
2571,257.1,3,6,9,8,26
2572,257.2,3,6,8,8,25
2573,257.3,3,6,9,8,26
2574,257.4,4,6,7,8,25
2575,257.5,4,6,9,8,27
2576,257.6,4,6,10,8,28
2577,257.7,4,6,7,8,25
2578,257.8,3,6,9,8,26
2579,257.9,3,7,7,7,24
2580,258.0,3,7,7,7,24
2581,258.1,3,7,9,7,26
2582,258.2,3,7,9,7,26
2583,258.3,3,7,9,7,26
2584,258.4,3,7,9,7,26
2585,258.5,3,7,8,6,24
2586,258.6,3,7,6,5,21
2587,258.7,3,7,7,5,22
2588,258.8,3,7,8,5,23
2589,258.9,3,7,9,6,25
2590,259.0,2,7,9,6,24
2591,259.1,3,7,8,6,24
2592,259.2,3,6,9,5,23
2593,259.3,3,6,8,6,23
2594,259.4,3,6,9,7,25
2595,259.5,3,6,8,7,24
2596,259.6,3,6,9,8,26
2597,259.7,3,6,8,7,24
2598,259.8,3,6,8,8,25
2599,259.9,3,6,10,9,28
2600,260.0,3,6,10,10,29
2601,260.1,3,6,10,11,30
2602,260.2,3,6,10,11,30
2603,260.3,3,6,10,10,29
2604,260.4,3,6,9,10,28
2605,260.5,3,6,10,10,29
2606,260.6,3,6,8,10,27
2607,260.7,4,6,9,11,30
2608,260.8,4,6,10,11,31
2609,260.9,4,6,10,11,31
2610,261.0,4,6,10,11,31
2611,261.1,4,6,10,11,31
2612,261.2,4,5,10,11,30
2613,261.3,4,5,10,11,30
2614,261.4,4,5,10,11,30
2615,261.5,4,5,10,10,29
2616,261.6,3,5,10,10,28
2617,261.7,4,5,10,11,30
2618,261.8,4,5,9,13,31
2619,261.9,4,5,10,14,33
2620,262.0,4,5,10,12,31
2621,262.1,3,6,10,12,31
2622,262.2,3,5,10,11,29
2623,262.3,3,7,10,11,31
2624,262.4,4,7,9,10,30
2625,262.5,4,7,10,10,31
2626,262.6,3,7,9,11,30
2627,262.7,3,7,9,10,29
2628,262.8,4,7,10,10,31
2629,262.9,4,7,9,9,29
2630,263.0,4,7,9,12,32
2631,263.1,3,7,10,12,32
2632,263.2,3,7,10,11,31
2633,263.3,4,7,9,12,32
2634,263.4,4,6,9,11,30
2635,263.5,4,6,10,11,31
2636,263.6,4,6,10,10,30
2637,263.7,4,6,10,11,31
2638,263.8,3,6,8,11,28
2639,263.9,4,6,8,10,28
2640,264.0,4,6,9,12,31
2641,264.1,4,6,9,12,31
2642,264.2,4,6,10,12,32
2643,264.3,4,6,9,12,31
2644,264.4,4,6,8,12,30
2645,264.5,4,6,8,12,30
2646,264.6,3,5,7,12,27
2647,264.7,4,6,7,12,29
2648,264.8,4,5,8,11,28
2649,264.9,4,5,9,12,30
2650,265.0,3,5,7,11,26
2651,265.1,3,5,8,10,26
2652,265.2,3,5,8,11,27
2653,265.3,4,5,8,10,27
2654,265.4,4,5,7,11,27
2655,265.5,4,5,8,11,28
2656,265.6,4,5,6,11,26
2657,265.7,4,5,7,10,26
2658,265.8,4,5,6,11,26
2659,265.9,4,5,6,11,26
2660,266.0,4,5,5,11,25
2661,266.1,4,6,7,11,28
2662,266.2,5,6,7,11,29
2663,266.3,5,6,7,11,29
2664,266.4,5,6,7,11,29
2665,266.5,5,7,7,11,30
2666,266.6,5,7,7,11,30
2667,266.7,5,7,9,10,31
2668,266.8,5,7,9,9,30
2669,266.9,5,7,9,9,30
2670,267.0,5,7,8,9,29
2671,267.1,6,7,8,10,31
2672,267.2,5,7,8,10,30
2673,267.3,5,7,7,8,27
2674,267.4,6,7,7,6,26
2675,267.5,6,7,8,8,29
2676,267.6,6,7,6,7,26
2677,267.7,6,7,6,7,26
2678,267.8,6,7,6,8,27
2679,267.9,5,7,7,9,28
2680,268.0,5,7,7,9,28
2681,268.1,5,7,7,9,28
2682,268.2,6,7,8,8,29
2683,268.3,5,8,8,8,29
2684,268.4,6,8,8,9,31
2685,268.5,6,8,10,9,33
2686,268.6,6,8,7,8,29
2687,268.7,6,8,9,9,32
2688,268.8,6,8,7,9,30
2689,268.9,6,7,9,9,31
2690,269.0,6,6,8,9,29
2691,269.1,6,6,8,9,29
2692,269.2,6,6,8,9,29
2693,269.3,6,6,7,10,29
2694,269.4,6,6,8,10,30
2695,269.5,6,6,9,10,31
2696,269.6,5,6,8,10,29
2697,269.7,5,7,9,10,31
2698,269.8,5,7,9,10,31
2699,269.9,5,7,9,10,31
2700,270.0,5,7,10,10,32
2701,270.1,5,7,10,10,32
2702,270.2,5,7,9,10,31
2703,270.3,5,7,10,10,32
2704,270.4,5,6,10,10,31
2705,270.5,5,6,10,10,31
2706,270.6,5,7,10,11,33
2707,270.7,5,5,10,12,32
2708,270.8,5,6,10,12,33
2709,270.9,5,6,9,11,31
2710,271.0,5,5,10,10,30
2711,271.1,5,6,10,12,33
2712,271.2,4,6,10,12,32
2713,271.3,4,6,10,12,32
2714,271.4,4,6,10,12,32
2715,271.5,4,6,10,13,33
2716,271.6,5,6,10,13,34
2717,271.7,4,6,10,13,33
2718,271.8,4,6,11,14,35
2719,271.9,4,5,10,14,33
2720,272.0,4,6,12,13,35
2721,272.1,4,6,11,13,34
2722,272.2,4,6,11,13,34
2723,272.3,4,6,10,13,33
2724,272.4,4,5,11,14,34
2725,272.5,4,5,11,14,34
2726,272.6,4,4,11,14,33
2727,272.7,4,4,10,14,32
2728,272.8,5,4,11,14,34
2729,272.9,5,4,11,13,33
2730,273.0,4,4,11,14,33
2731,273.1,4,4,12,14,34
2732,273.2,4,4,12,13,33
2733,273.3,4,4,11,14,33
2734,273.4,4,3,12,14,33
2735,273.5,4,3,12,14,33
2736,273.6,4,2,11,14,31
2737,273.7,4,2,12,13,31
2738,273.8,5,2,13,13,33
2739,273.9,5,2,12,13,32
2740,274.0,6,2,13,13,34
2741,274.1,6,2,13,14,35
2742,274.2,6,2,12,13,33
2743,274.3,6,2,13,12,33
2744,274.4,5,2,11,12,30
2745,274.5,5,2,11,12,30
2746,274.6,5,2,12,12,31
2747,274.7,5,2,12,13,32
2748,274.8,5,2,11,12,30
2749,274.9,5,3,13,13,34
2750,275.0,5,3,12,12,32
2751,275.1,5,3,12,12,32
2752,275.2,5,3,13,12,33
2753,275.3,5,3,13,13,34
2754,275.4,5,2,12,13,32
2755,275.5,5,3,11,13,32
2756,275.6,4,3,11,11,29
2757,275.7,6,3,13,11,33
2758,275.8,6,3,13,11,33
2759,275.9,7,3,13,11,34
2760,276.0,7,3,13,11,34
2761,276.1,7,3,14,11,35
2762,276.2,7,3,14,12,36
2763,276.3,7,3,15,12,37
2764,276.4,7,3,14,12,36
2765,276.5,7,3,14,12,36
2766,276.6,6,3,14,12,35
2767,276.7,6,2,15,13,36
2768,276.8,6,2,15,13,36
2769,276.9,7,2,15,12,36
2770,277.0,7,2,15,13,37
2771,277.1,7,2,15,13,37
2772,277.2,7,2,14,13,36
2773,277.3,7,2,15,13,37
2774,277.4,7,2,15,13,37
2775,277.5,6,2,15,13,36
2776,277.6,6,2,15,13,36
2777,277.7,6,3,15,14,38
2778,277.8,6,3,15,14,38
2779,277.9,6,3,15,14,38
2780,278.0,6,3,15,14,38
2781,278.1,6,3,15,14,38
2782,278.2,6,2,15,14,37
2783,278.3,6,2,15,14,37
2784,278.4,5,2,15,14,36
2785,278.5,5,2,15,14,36
2786,278.6,5,2,14,14,35
2787,278.7,5,2,14,13,34
2788,278.8,5,2,14,14,35
2789,278.9,5,2,14,14,35
2790,279.0,5,2,13,14,34
2791,279.1,5,2,13,14,34
2792,279.2,5,2,14,13,34
2793,279.3,4,2,12,13,31
2794,279.4,4,2,13,13,32
2795,279.5,4,2,12,13,31
2796,279.6,4,2,13,14,33
2797,279.7,4,2,13,14,33
2798,279.8,4,2,12,15,33
2799,279.9,5,2,12,15,34
2800,280.0,5,2,12,15,34
2801,280.1,5,2,12,15,34
2802,280.2,5,2,13,15,35
2803,280.3,5,2,13,15,35
2804,280.4,5,2,12,15,34
2805,280.5,5,2,13,14,34
2806,280.6,6,1,13,15,35
2807,280.7,6,1,13,15,35
2808,280.8,6,1,13,15,35
2809,280.9,6,1,13,15,35
2810,281.0,6,1,13,15,35
2811,281.1,6,1,13,15,35
2812,281.2,6,2,13,15,36
2813,281.3,5,2,13,15,35
2814,281.4,5,2,13,15,35
2815,281.5,5,2,13,15,35
2816,281.6,5,2,12,15,34
2817,281.7,6,2,14,15,37
2818,281.8,6,2,14,15,37
2819,281.9,6,2,14,15,37
2820,282.0,6,2,13,15,36
2821,282.1,6,2,13,15,36
2822,282.2,6,2,13,15,36
2823,282.3,6,2,14,15,37
2824,282.4,6,2,14,15,37
2825,282.5,7,2,14,15,38
2826,282.6,7,2,13,15,37
2827,282.7,7,2,13,16,38
2828,282.8,7,1,13,16,37
2829,282.9,7,1,14,15,37
2830,283.0,7,1,13,16,37
2831,283.1,7,1,13,16,37
2832,283.2,6,1,13,16,36
2833,283.3,6,1,13,16,36
2834,283.4,7,1,13,16,37
2835,283.5,7,1,14,16,38
2836,283.6,7,1,13,16,37
2837,283.7,7,1,14,16,38
2838,283.8,6,1,15,17,39
2839,283.9,6,1,14,17,38
2840,284.0,6,1,15,17,39
2841,284.1,6,1,15,17,39
2842,284.2,6,1,13,17,37
2843,284.3,6,1,13,17,37
2844,284.4,6,1,13,17,37
2845,284.5,6,1,13,17,37
2846,284.6,6,1,13,17,37
2847,284.7,6,1,14,17,38
2848,284.8,6,1,13,17,37
2849,284.9,6,1,13,16,36
2850,285.0,6,1,13,16,36
2851,285.1,6,1,14,16,37
2852,285.2,7,1,14,16,38
2853,285.3,7,1,14,16,38
2854,285.4,7,1,13,16,37
2855,285.5,7,1,13,16,37
2856,285.6,7,1,13,16,37
2857,285.7,7,1,14,16,38
2858,285.8,7,1,14,16,38
2859,285.9,6,1,14,16,37
2860,286.0,6,1,14,16,37
2861,286.1,5,1,14,16,36
2862,286.2,4,2,14,15,35
2863,286.3,4,2,14,16,36
2864,286.4,4,2,14,17,37
2865,286.5,4,2,14,17,37
2866,286.6,5,2,14,17,38
2867,286.7,6,2,14,17,39
2868,286.8,6,2,13,17,38
2869,286.9,6,2,14,16,38
2870,287.0,6,2,13,17,38
2871,287.1,6,2,13,17,38
2872,287.2,6,2,13,16,37
2873,287.3,6,2,13,17,38
2874,287.4,5,1,14,16,36
2875,287.5,5,1,13,15,34
2876,287.6,5,1,13,16,35
2877,287.7,5,1,13,18,37
2878,287.8,5,1,13,16,35
2879,287.9,5,1,13,16,35
2880,288.0,5,1,14,16,36
2881,288.1,5,1,13,17,36
2882,288.2,5,1,13,15,34
2883,288.3,5,1,13,16,35
2884,288.4,5,1,13,16,35
2885,288.5,5,1,13,16,35
2886,288.6,5,1,13,17,36
2887,288.7,5,1,13,15,34
2888,288.8,5,1,13,16,35
2889,288.9,5,1,12,17,35
2890,289.0,5,1,12,15,33
2891,289.1,4,1,12,14,31
2892,289.2,4,2,12,14,32
2893,289.3,4,2,13,15,34
2894,289.4,4,2,12,15,33
2895,289.5,4,2,12,14,32
2896,289.6,4,2,12,14,32
2897,289.7,4,2,13,15,34
2898,289.8,4,2,14,15,35
2899,289.9,4,2,12,15,33
2900,290.0,4,2,14,15,35
2901,290.1,4,2,14,15,35
2902,290.2,4,2,14,15,35
2903,290.3,4,2,13,15,34
2904,290.4,4,2,13,15,34
2905,290.5,4,2,14,15,35
2906,290.6,4,2,13,15,34
2907,290.7,4,2,13,15,34
2908,290.8,4,2,13,14,33
2909,290.9,4,2,13,14,33
2910,291.0,4,2,13,15,34
2911,291.1,4,2,13,16,35
2912,291.2,3,2,13,16,34
2913,291.3,3,2,13,16,34
2914,291.4,3,2,13,16,34
2915,291.5,3,2,13,16,34
2916,291.6,3,2,13,16,34
2917,291.7,3,2,13,16,34
2918,291.8,3,2,13,16,34
2919,291.9,3,2,13,16,34
2920,292.0,3,2,13,15,33
2921,292.1,3,2,13,16,34
2922,292.2,3,2,13,16,34
2923,292.3,3,2,13,16,34
2924,292.4,3,2,14,16,35
2925,292.5,3,3,14,16,36
2926,292.6,3,3,13,16,35
2927,292.7,3,3,13,16,35
2928,292.8,4,3,12,16,35
2929,292.9,4,2,12,16,34
2930,293.0,4,2,12,16,34
2931,293.1,4,2,12,15,33
2932,293.2,4,2,12,15,33
2933,293.3,5,2,12,15,34
2934,293.4,5,2,11,15,33
2935,293.5,5,2,11,15,33
2936,293.6,5,2,12,15,34
2937,293.7,5,2,12,15,34
2938,293.8,5,2,12,15,34
2939,293.9,5,2,12,15,34
2940,294.0,5,2,12,15,34
2941,294.1,5,2,12,15,34
2942,294.2,5,2,12,15,34
2943,294.3,5,1,12,15,33
2944,294.4,5,1,12,15,33
2945,294.5,5,1,12,14,32
2946,294.6,5,1,12,15,33
2947,294.7,5,0,13,15,33
2948,294.8,5,1,12,15,33
2949,294.9,5,1,12,15,33
2950,295.0,5,1,12,15,33
2951,295.1,5,1,12,15,33
2952,295.2,5,1,12,15,33
2953,295.3,5,1,12,15,33
2954,295.4,5,1,12,15,33
2955,295.5,5,1,12,15,33
2956,295.6,5,1,12,15,33
2957,295.7,5,1,12,15,33
2958,295.8,5,1,12,15,33
2959,295.9,5,1,12,15,33
2960,296.0,5,1,12,15,33
2961,296.1,5,1,12,15,33
2962,296.2,5,1,12,15,33
2963,296.3,5,1,12,15,33
2964,296.4,5,1,12,15,33
2965,296.5,5,1,12,13,31
2966,296.6,5,1,12,15,33
2967,296.7,5,1,12,16,34
2968,296.8,5,1,12,16,34
2969,296.9,5,1,12,16,34
2970,297.0,5,1,11,15,32
2971,297.1,4,1,11,15,31
2972,297.2,4,1,11,15,31
2973,297.3,4,1,13,15,33
2974,297.4,4,1,11,15,31
2975,297.5,4,0,14,16,34
2976,297.6,4,0,13,16,33
2977,297.7,4,0,12,16,32
2978,297.8,4,1,11,16,32
2979,297.9,4,1,12,16,33
2980,298.0,4,1,11,15,31
2981,298.1,4,1,13,16,34
2982,298.2,4,1,13,16,34
2983,298.3,4,1,13,16,34
2984,298.4,4,1,13,15,33
2985,298.5,4,1,13,15,33
2986,298.6,4,1,14,14,33
2987,298.7,4,1,13,15,33
2988,298.8,4,1,13,15,33
2989,298.9,4,1,14,16,35
2990,299.0,4,1,14,14,33
2991,299.1,4,1,14,14,33
2992,299.2,4,1,14,15,34
2993,299.3,4,1,14,15,34
2994,299.4,4,1,13,14,32
2995,299.5,4,1,14,14,33
2996,299.6,4,1,14,14,33
2997,299.7,4,1,15,14,34
2998,299.8,4,1,15,16,36
2999,299.9,4,1,15,17,37
3000,300.0,4,1,15,16,36
3001,300.1,4,1,15,16,36
3002,300.2,4,1,15,17,37
3003,300.3,4,1,15,17,37
3004,300.4,4,1,15,17,37
3005,300.5,4,1,15,17,37
3006,300.6,4,1,15,16,36
3007,300.7,4,1,15,17,37
3008,300.8,4,1,15,17,37
3009,300.9,4,2,15,17,38
3010,301.0,4,2,14,17,37
3011,301.1,4,2,14,17,37
3012,301.2,4,2,15,18,39
3013,301.3,4,2,15,18,39
3014,301.4,4,2,17,17,40
3015,301.5,4,2,16,18,40
3016,301.6,4,2,16,18,40
3017,301.7,4,2,16,17,39
3018,301.8,4,2,16,16,38
3019,301.9,4,2,16,17,39
3020,302.0,4,2,17,17,40
3021,302.1,4,2,18,17,41
3022,302.2,4,2,18,17,41
3023,302.3,4,2,18,18,42
3024,302.4,4,2,18,18,42
3025,302.5,4,2,17,18,41
3026,302.6,4,2,16,18,40
3027,302.7,4,2,16,18,40
3028,302.8,4,2,16,18,40
3029,302.9,4,2,16,17,39
3030,303.0,4,2,16,17,39
3031,303.1,4,2,16,16,38
3032,303.2,4,2,17,16,39
3033,303.3,4,2,17,16,39
3034,303.4,4,2,17,16,39
3035,303.5,5,2,18,16,41
3036,303.6,5,2,18,17,42
3037,303.7,5,2,16,16,39
3038,303.8,5,2,16,15,38
3039,303.9,5,2,16,15,38
3040,304.0,5,2,17,16,40
3041,304.1,5,2,17,15,39
3042,304.2,5,2,17,16,40
3043,304.3,5,2,18,14,39
3044,304.4,5,2,19,15,41
3045,304.5,5,2,19,14,40
3046,304.6,5,2,19,14,40
3047,304.7,5,2,19,13,39
3048,304.8,5,2,18,14,39
3049,304.9,5,2,18,14,39
3050,305.0,5,2,18,14,39
3051,305.1,5,2,17,16,40
3052,305.2,5,2,17,15,39
3053,305.3,5,2,17,15,39
3054,305.4,5,2,18,16,41
3055,305.5,5,2,17,15,39
3056,305.6,5,2,18,14,39
3057,305.7,5,2,17,15,39
3058,305.8,5,2,17,15,39
3059,305.9,5,2,18,16,41
3060,306.0,5,2,18,15,40
3061,306.1,5,2,18,16,41
3062,306.2,5,2,18,16,41
3063,306.3,5,2,18,16,41
3064,306.4,5,2,18,16,41
3065,306.5,5,2,17,16,40
3066,306.6,5,2,17,16,40
3067,306.7,5,2,17,16,40
3068,306.8,5,2,17,17,41
3069,306.9,5,2,17,15,39
3070,307.0,5,2,17,16,40
3071,307.1,5,2,17,15,39
3072,307.2,5,2,17,16,40
3073,307.3,5,2,17,16,40
3074,307.4,5,2,17,16,40
3075,307.5,5,2,17,14,38
3076,307.6,5,2,17,14,38
3077,307.7,5,2,17,13,37
3078,307.8,5,2,15,13,35
3079,307.9,5,2,15,14,36
3080,308.0,5,2,15,13,35
3081,308.1,5,2,15,12,34
3082,308.2,5,2,15,13,35
3083,308.3,5,2,15,13,35
3084,308.4,5,2,15,13,35
3085,308.5,5,2,15,13,35
3086,308.6,5,2,13,13,33
3087,308.7,5,2,13,14,34
3088,308.8,5,2,13,14,34
3089,308.9,6,2,13,12,33
3090,309.0,6,2,14,13,35
3091,309.1,6,2,14,13,35
3092,309.2,6,2,12,12,32
3093,309.3,6,2,12,12,32
3094,309.4,6,2,11,11,30
3095,309.5,6,2,12,11,31
3096,309.6,6,1,13,11,31
3097,309.7,6,1,13,11,31
3098,309.8,6,1,12,8,27
3099,309.9,6,1,13,8,28
3100,310.0,6,1,13,9,29
3101,310.1,6,1,13,9,29
3102,310.2,6,1,13,9,29
3103,310.3,6,1,13,8,28
3104,310.4,6,1,13,7,27
3105,310.5,6,1,13,7,27
3106,310.6,6,1,13,7,27
3107,310.7,6,1,13,7,27
3108,310.8,6,1,13,7,27
3109,310.9,6,1,13,7,27
3110,311.0,6,1,13,7,27
3111,311.1,6,1,13,7,27
3112,311.2,6,1,13,7,27
3113,311.3,6,1,13,6,26
3114,311.4,6,1,13,7,27
3115,311.5,6,1,13,7,27
3116,311.6,6,1,13,6,26
3117,311.7,6,1,13,5,25
3118,311.8,6,1,12,5,24
3119,311.9,6,1,12,5,24
3120,312.0,6,1,12,5,24
3121,312.1,6,1,12,5,24
3122,312.2,6,1,12,5,24
3123,312.3,6,1,13,5,25
3124,312.4,6,1,13,5,25
3125,312.5,6,1,13,5,25
3126,312.6,7,1,13,5,26
3127,312.7,7,1,13,5,26
3128,312.8,7,1,13,5,26
3129,312.9,7,1,13,4,25
3130,313.0,7,1,13,4,25
3131,313.1,7,1,13,4,25
3132,313.2,7,1,13,4,25
3133,313.3,7,1,13,4,25
3134,313.4,7,1,13,4,25
3135,313.5,7,1,13,4,25
3136,313.6,7,1,13,4,25
3137,313.7,7,1,13,4,25
3138,313.8,7,1,14,4,26
3139,313.9,7,1,14,4,26
3140,314.0,7,1,14,4,26
3141,314.1,7,1,14,4,26
3142,314.2,7,1,12,3,23
3143,314.3,7,1,13,3,24
3144,314.4,7,1,13,3,24
3145,314.5,7,1,12,3,23
3146,314.6,7,1,13,3,24
3147,314.7,7,1,13,3,24
3148,314.8,7,1,12,3,23
3149,314.9,7,1,12,3,23
3150,315.0,7,1,12,3,23
3151,315.1,7,1,13,4,25
3152,315.2,7,1,13,4,25
3153,315.3,7,1,13,4,25
3154,315.4,7,1,13,4,25
3155,315.5,7,1,14,4,26
3156,315.6,7,1,14,4,26
3157,315.7,7,1,16,4,28
3158,315.8,7,2,16,4,29
3159,315.9,7,2,14,4,27
3160,316.0,7,2,14,4,27
3161,316.1,7,2,15,4,28
3162,316.2,7,2,15,4,28
3163,316.3,7,2,15,4,28
3164,316.4,7,2,15,3,27
3165,316.5,7,2,14,3,26
3166,316.6,7,2,13,3,25
3167,316.7,7,2,13,2,24
3168,316.8,7,2,13,2,24
3169,316.9,7,2,13,2,24
3170,317.0,7,2,13,2,24
3171,317.1,7,2,13,2,24
3172,317.2,7,2,13,2,24
3173,317.3,7,2,13,2,24
3174,317.4,7,2,13,2,24
3175,317.5,7,2,12,2,23
3176,317.6,7,2,10,2,21
3177,317.7,7,2,10,2,21
3178,317.8,7,2,10,2,21
3179,317.9,7,2,10,2,21
3180,318.0,7,2,10,2,21
3181,318.1,7,2,9,2,20
3182,318.2,7,2,10,2,21
3183,318.3,7,2,10,2,21
3184,318.4,7,2,10,2,21
3185,318.5,7,2,9,2,20
3186,318.6,7,2,9,2,20
3187,318.7,7,2,9,2,20
3188,318.8,7,2,8,2,19
3189,318.9,7,2,8,2,19
3190,319.0,7,2,9,2,20
3191,319.1,7,2,10,2,21
3192,319.2,7,2,10,2,21
3193,319.3,7,2,10,2,21
3194,319.4,7,2,9,2,20
3195,319.5,7,2,10,2,21
3196,319.6,7,2,10,2,21
3197,319.7,7,2,10,2,21
3198,319.8,7,2,10,2,21
3199,319.9,7,2,10,2,21
3200,320.0,7,2,10,2,21
3201,320.1,7,2,10,2,21
3202,320.2,7,2,10,2,21
3203,320.3,7,2,11,2,22
3204,320.4,7,2,10,2,21
3205,320.5,7,2,9,2,20
3206,320.6,7,2,10,2,21
3207,320.7,8,2,10,1,21
3208,320.8,8,2,10,1,21
3209,320.9,8,3,9,1,21
3210,321.0,8,3,9,1,21
3211,321.1,8,3,9,1,21
3212,321.2,8,3,9,1,21
3213,321.3,8,3,9,2,22
3214,321.4,9,3,9,2,23
3215,321.5,9,3,9,2,23
3216,321.6,9,3,9,3,24
3217,321.7,9,3,9,3,24
3218,321.8,9,3,9,3,24
3219,321.9,9,3,10,3,25
3220,322.0,9,3,10,3,25
3221,322.1,9,3,11,3,26
3222,322.2,9,3,11,3,26
3223,322.3,9,3,11,3,26
3224,322.4,9,3,10,3,25
3225,322.5,9,3,10,3,25
3226,322.6,9,3,10,2,24
3227,322.7,9,3,10,2,24
3228,322.8,9,3,10,3,25
3229,322.9,9,3,10,3,25
3230,323.0,9,3,10,2,24
3231,323.1,9,3,10,2,24
3232,323.2,9,3,9,3,24
3233,323.3,9,3,9,2,23
3234,323.4,9,3,10,1,23
3235,323.5,9,3,10,1,23
3236,323.6,9,3,11,1,24
3237,323.7,9,3,11,2,25
3238,323.8,9,3,11,2,25
3239,323.9,9,3,11,3,26
3240,324.0,9,3,11,2,25
3241,324.1,8,3,12,2,25
3242,324.2,8,3,12,2,25
3243,324.3,8,3,11,3,25
3244,324.4,8,3,11,3,25
3245,324.5,8,3,10,2,23
3246,324.6,8,3,11,3,25
3247,324.7,8,3,10,3,24
3248,324.8,8,3,11,4,26
3249,324.9,8,3,11,4,26
3250,325.0,8,3,11,4,26
3251,325.1,8,3,11,4,26
3252,325.2,8,3,11,4,26
3253,325.3,8,3,11,4,26
3254,325.4,8,3,11,4,26
3255,325.5,8,3,11,4,26
3256,325.6,8,3,11,5,27
3257,325.7,8,3,11,6,28
3258,325.8,8,3,11,6,28
3259,325.9,8,3,11,6,28
3260,326.0,8,3,11,6,28
3261,326.1,8,3,11,6,28
3262,326.2,8,3,11,5,27
3263,326.3,8,3,11,6,28
3264,326.4,8,3,12,5,28
3265,326.5,8,3,12,5,28
3266,326.6,8,3,12,5,28
3267,326.7,8,3,12,4,27
3268,326.8,8,3,12,6,29
3269,326.9,8,3,12,6,29
3270,327.0,8,3,11,5,27
3271,327.1,8,3,11,3,25
3272,327.2,9,3,11,3,26
3273,327.3,9,3,11,3,26
3274,327.4,9,3,10,3,25
3275,327.5,9,3,10,6,28
3276,327.6,9,3,10,6,28
3277,327.7,9,3,10,5,27
3278,327.8,9,3,10,5,27
3279,327.9,9,3,10,5,27
3280,328.0,9,3,10,5,27
3281,328.1,9,3,10,5,27
3282,328.2,9,3,9,5,26
3283,328.3,9,3,8,5,25
3284,328.4,9,3,8,5,25
3285,328.5,9,3,8,5,25
3286,328.6,9,3,7,5,24
3287,328.7,9,3,7,5,24
3288,328.8,9,3,7,5,24
3289,328.9,9,3,8,5,25
3290,329.0,9,3,8,6,26
3291,329.1,9,3,8,6,26
3292,329.2,9,3,7,7,26
3293,329.3,9,3,8,7,27
3294,329.4,9,3,8,7,27
3295,329.5,9,3,8,7,27
3296,329.6,9,3,7,6,25
3297,329.7,9,3,7,7,26
3298,329.8,9,3,7,7,26
3299,329.9,9,3,6,7,25
3300,330.0,9,3,6,8,26
3301,330.1,9,3,6,8,26
3302,330.2,9,3,6,8,26
3303,330.3,9,3,6,8,26
3304,330.4,9,3,7,8,27
3305,330.5,9,3,7,8,27
3306,330.6,9,3,7,8,27
3307,330.7,9,4,7,8,28
3308,330.8,9,4,7,8,28
3309,330.9,9,4,7,7,27
3310,331.0,9,4,7,6,26
3311,331.1,9,4,7,5,25
3312,331.2,9,4,7,4,24
3313,331.3,9,4,6,4,23
3314,331.4,9,4,6,4,23
3315,331.5,9,4,6,5,24
3316,331.6,9,4,5,5,23
3317,331.7,9,5,6,5,25
3318,331.8,9,5,6,4,24
3319,331.9,9,5,6,5,25
3320,332.0,9,5,6,4,24
3321,332.1,9,5,5,5,24
3322,332.2,9,5,5,5,24
3323,332.3,9,5,6,5,25
3324,332.4,10,5,5,4,24
3325,332.5,10,5,5,5,25
3326,332.6,10,5,5,4,24
3327,332.7,10,5,5,4,24
3328,332.8,10,5,5,4,24
3329,332.9,10,5,5,4,24
3330,333.0,10,6,4,4,24
3331,333.1,10,6,5,5,26
3332,333.2,10,6,5,5,26
3333,333.3,10,6,5,6,27
3334,333.4,10,6,4,6,26
3335,333.5,10,6,4,6,26
3336,333.6,10,6,4,6,26
3337,333.7,10,6,4,6,26
3338,333.8,10,6,4,6,26
3339,333.9,10,5,4,6,25
3340,334.0,10,6,3,6,25
3341,334.1,11,6,2,6,25
3342,334.2,11,6,3,6,26
3343,334.3,11,6,3,6,26
3344,334.4,12,6,2,6,26
3345,334.5,12,6,3,6,27
3346,334.6,12,6,3,6,27
3347,334.7,12,6,3,6,27
3348,334.8,12,6,3,6,27
3349,334.9,12,6,3,6,27
3350,335.0,12,6,3,7,28
3351,335.1,12,6,3,8,29
3352,335.2,12,6,3,8,29
3353,335.3,12,6,3,8,29
3354,335.4,12,7,3,8,30
3355,335.5,12,7,3,8,30
3356,335.6,12,7,3,7,29
3357,335.7,11,7,3,7,28
3358,335.8,12,6,3,7,28
3359,335.9,12,7,3,6,28
3360,336.0,12,6,4,6,28
3361,336.1,12,6,4,6,28
3362,336.2,12,6,4,6,28
3363,336.3,12,6,5,6,29
3364,336.4,12,6,5,6,29
3365,336.5,12,6,5,6,29
3366,336.6,12,6,5,6,29
3367,336.7,12,6,4,6,28
3368,336.8,12,6,5,6,29
3369,336.9,12,6,5,6,29
3370,337.0,12,6,5,6,29
3371,337.1,12,5,5,6,28
3372,337.2,12,6,5,5,28
3373,337.3,12,6,6,6,30
3374,337.4,12,6,5,7,30
3375,337.5,12,5,5,7,29
3376,337.6,12,6,6,8,32
3377,337.7,12,5,4,8,29
3378,337.8,12,5,4,8,29
3379,337.9,12,5,5,8,30
3380,338.0,11,5,5,9,30
3381,338.1,11,5,4,8,28
3382,338.2,11,5,5,8,29
3383,338.3,11,5,5,8,29
3384,338.4,11,5,3,8,27
3385,338.5,11,6,4,8,29
3386,338.6,12,6,4,7,29
3387,338.7,12,6,5,8,31
3388,338.8,12,6,5,9,32
3389,338.9,13,5,6,9,33
3390,339.0,12,5,5,9,31
3391,339.1,13,5,5,10,33
3392,339.2,13,5,6,10,34
3393,339.3,13,5,6,10,34
3394,339.4,12,5,5,10,32
3395,339.5,12,5,5,10,32
3396,339.6,12,5,5,10,32
3397,339.7,12,5,5,10,32
3398,339.8,12,5,5,11,33
3399,339.9,13,5,6,11,35
3400,340.0,13,5,5,11,34
3401,340.1,13,5,6,11,35
3402,340.2,14,5,6,11,36
3403,340.3,14,5,6,10,35
3404,340.4,14,5,6,11,36
3405,340.5,14,5,6,9,34
3406,340.6,14,5,6,9,34
3407,340.7,14,5,6,10,35
3408,340.8,14,5,6,10,35
3409,340.9,13,5,6,10,34
3410,341.0,13,5,5,9,32
3411,341.1,13,5,5,10,33
3412,341.2,13,5,5,10,33
3413,341.3,13,5,5,10,33
3414,341.4,13,4,5,9,31
3415,341.5,13,5,5,9,32
3416,341.6,13,5,5,8,31
3417,341.7,13,5,6,9,33
3418,341.8,13,5,5,10,33
3419,341.9,13,5,5,10,33
3420,342.0,13,5,6,10,34
3421,342.1,13,5,6,10,34
3422,342.2,13,4,6,10,33
3423,342.3,13,4,6,10,33
3424,342.4,13,3,7,10,33
3425,342.5,13,4,7,10,34
3426,342.6,13,4,7,10,34
3427,342.7,13,3,6,10,32
3428,342.8,13,4,6,10,33
3429,342.9,13,4,7,10,34
3430,343.0,13,4,7,10,34
3431,343.1,13,4,7,10,34
3432,343.2,13,4,6,10,33
3433,343.3,13,4,6,10,33
3434,343.4,13,4,6,10,33
3435,343.5,13,4,6,10,33
3436,343.6,13,3,6,10,32
3437,343.7,13,4,6,10,33
3438,343.8,13,4,7,11,35
3439,343.9,13,4,7,12,36
3440,344.0,13,3,6,11,33
3441,344.1,13,3,7,12,35
3442,344.2,13,3,8,12,36
3443,344.3,13,3,8,12,36
3444,344.4,13,3,8,11,35
3445,344.5,13,3,8,11,35
3446,344.6,11,3,8,11,33
3447,344.7,11,3,9,10,33
3448,344.8,11,3,9,11,34
3449,344.9,11,3,9,11,34
3450,345.0,11,3,9,10,33
3451,345.1,11,3,9,10,33
3452,345.2,11,3,9,11,34
3453,345.3,11,3,9,11,34
3454,345.4,10,3,10,11,34
3455,345.5,10,3,10,10,33
3456,345.6,10,3,10,11,34
3457,345.7,10,3,10,11,34
3458,345.8,10,3,10,11,34
3459,345.9,11,3,11,11,36
3460,346.0,11,3,11,10,35
3461,346.1,11,3,11,10,35
3462,346.2,11,3,11,10,35
3463,346.3,11,3,11,10,35
3464,346.4,11,3,11,10,35
3465,346.5,11,3,10,10,34
3466,346.6,11,3,10,10,34
3467,346.7,11,4,11,10,36
3468,346.8,11,4,11,10,36
3469,346.9,11,4,10,10,35
3470,347.0,10,4,10,10,34
3471,347.1,10,4,10,10,34
3472,347.2,10,4,9,11,34
3473,347.3,10,4,10,10,34
3474,347.4,10,4,10,12,36
3475,347.5,10,4,9,12,35
3476,347.6,10,4,9,12,35
3477,347.7,10,4,9,12,35
3478,347.8,10,4,9,12,35
3479,347.9,10,3,9,13,35
3480,348.0,10,4,9,13,36
3481,348.1,10,4,9,13,36
3482,348.2,9,4,9,13,35
3483,348.3,9,4,9,13,35
3484,348.4,9,4,9,13,35
3485,348.5,9,4,9,13,35
3486,348.6,9,4,9,12,34
3487,348.7,9,4,9,12,34
3488,348.8,9,4,9,13,35
3489,348.9,9,3,9,13,34
3490,349.0,9,3,10,13,35
3491,349.1,9,3,9,12,33
3492,349.2,9,3,10,13,35
3493,349.3,8,3,10,11,32
3494,349.4,8,3,10,11,32
3495,349.5,8,3,11,11,33
3496,349.6,8,3,10,11,32
3497,349.7,8,3,10,11,32
3498,349.8,8,3,10,11,32
3499,349.9,8,3,10,11,32
3500,350.0,8,3,10,11,32
3501,350.1,8,3,10,11,32
3502,350.2,8,3,10,11,32
3503,350.3,8,3,10,9,30
3504,350.4,7,3,10,9,29
3505,350.5,7,3,10,8,28
3506,350.6,7,3,10,6,26
3507,350.7,7,3,10,3,23
3508,350.8,7,3,10,4,24
3509,350.9,7,3,10,5,25
3510,351.0,7,3,10,8,28
3511,351.1,7,3,10,9,29
3512,351.2,7,3,10,8,28
3513,351.3,7,3,10,7,27
3514,351.4,7,3,10,9,29
3515,351.5,7,3,10,5,25
3516,351.6,6,3,10,8,27
3517,351.7,7,3,10,9,29
3518,351.8,7,3,10,9,29
3519,351.9,7,3,10,9,29
3520,352.0,7,3,10,9,29
3521,352.1,7,3,10,8,28
3522,352.2,7,3,9,7,26
3523,352.3,7,3,9,6,25
3524,352.4,7,3,9,6,25
3525,352.5,6,3,9,7,25
3526,352.6,6,3,9,6,24
3527,352.7,6,3,8,8,25
3528,352.8,6,3,8,7,24
3529,352.9,6,3,8,8,25
3530,353.0,6,3,8,6,23
3531,353.1,6,3,8,8,25
3532,353.2,6,3,8,5,22
3533,353.3,6,3,8,8,25
3534,353.4,6,3,8,9,26
3535,353.5,6,3,8,8,25
3536,353.6,6,3,8,10,27
3537,353.7,6,3,8,8,25
3538,353.8,6,3,8,11,28
3539,353.9,6,3,8,6,23
3540,354.0,6,3,8,10,27
3541,354.1,6,3,8,10,27
3542,354.2,6,3,8,5,22
3543,354.3,6,3,8,10,27
3544,354.4,6,3,8,10,27
3545,354.5,6,3,8,10,27
3546,354.6,6,3,8,11,28
3547,354.7,6,3,8,11,28
3548,354.8,6,3,8,12,29
3549,354.9,6,3,8,11,28
3550,355.0,6,3,8,12,29
3551,355.1,6,3,8,12,29
3552,355.2,6,3,8,11,28
3553,355.3,6,3,8,11,28
3554,355.4,6,3,8,12,29
3555,355.5,6,3,8,13,30
3556,355.6,6,3,8,13,30
3557,355.7,6,3,8,14,31
3558,355.8,6,3,8,14,31
3559,355.9,6,3,8,15,32
3560,356.0,6,3,8,14,31
3561,356.1,6,3,8,14,31
3562,356.2,6,3,8,13,30
3563,356.3,6,3,8,13,30
3564,356.4,6,3,8,14,31
3565,356.5,6,3,8,15,32
3566,356.6,6,3,8,14,31
3567,356.7,6,3,8,13,30
3568,356.8,6,3,8,14,31
3569,356.9,6,3,8,13,30
3570,357.0,6,3,8,13,30
3571,357.1,6,3,8,13,30
3572,357.2,6,3,8,16,33
3573,357.3,6,3,8,16,33
3574,357.4,6,3,8,13,30
3575,357.5,6,3,8,15,32
3576,357.6,6,3,8,15,32
3577,357.7,6,3,8,13,30
3578,357.8,6,3,8,15,32
3579,357.9,6,3,9,15,33
3580,358.0,6,3,9,15,33
3581,358.1,6,3,9,14,32
3582,358.2,6,3,9,14,32
3583,358.3,6,3,9,13,31
3584,358.4,6,3,8,13,30
3585,358.5,6,3,8,13,30
3586,358.6,6,3,9,13,31
3587,358.7,6,3,9,13,31
3588,358.8,6,3,9,13,31
3589,358.9,6,3,9,13,31
3590,359.0,6,3,9,13,31
3591,359.1,6,3,9,13,31
3592,359.2,6,3,9,14,32
3593,359.3,6,3,9,14,32
3594,359.4,6,3,9,14,32
3595,359.5,6,3,9,13,31
3596,359.6,6,3,9,13,31
3597,359.7,6,3,9,13,31
3598,359.8,6,3,9,14,32
3599,359.9,6,3,9,14,32
3600,360.0,6,3,9,14,32
3601,360.1,6,3,9,14,32
3602,360.2,7,3,9,14,33
3603,360.3,7,3,9,15,34
3604,360.4,7,4,9,14,34
3605,360.5,7,4,9,14,34
3606,360.6,7,4,9,13,33
3607,360.7,7,4,9,14,34
3608,360.8,7,4,9,13,33
3609,360.9,7,4,9,14,34
3610,361.0,7,3,9,14,33
3611,361.1,7,4,9,14,34
3612,361.2,7,4,9,13,33
3613,361.3,7,4,9,14,34
3614,361.4,7,4,9,14,34
3615,361.5,7,4,9,13,33
3616,361.6,7,4,9,14,34
3617,361.7,7,3,9,14,33
3618,361.8,7,3,9,14,33
3619,361.9,7,4,9,14,34
3620,362.0,7,3,9,14,33
3621,362.1,7,4,9,14,34
3622,362.2,7,4,9,14,34
3623,362.3,7,4,9,14,34
3624,362.4,7,6,9,14,36
3625,362.5,7,6,9,15,37
3626,362.6,7,6,10,14,37
3627,362.7,7,6,10,14,37
3628,362.8,7,7,10,15,39
3629,362.9,7,7,10,15,39
3630,363.0,7,7,10,15,39
3631,363.1,7,7,10,15,39
3632,363.2,7,7,10,14,38
3633,363.3,7,8,10,14,39
3634,363.4,7,8,10,14,39
3635,363.5,7,9,10,14,40
3636,363.6,7,8,10,13,38
3637,363.7,7,7,10,13,37
3638,363.8,7,8,8,13,36
3639,363.9,7,8,10,13,38
3640,364.0,7,8,10,14,39
3641,364.1,7,8,10,14,39
3642,364.2,7,9,10,14,40
3643,364.3,7,9,10,14,40
3644,364.4,6,9,10,13,38
3645,364.5,6,7,10,12,35
3646,364.6,6,7,10,13,36
3647,364.7,8,9,10,12,39
3648,364.8,8,10,10,14,42
3649,364.9,8,8,10,13,39
3650,365.0,8,8,11,13,40
3651,365.1,8,7,10,13,38
3652,365.2,8,6,11,12,37
3653,365.3,8,7,11,11,37
3654,365.4,8,7,11,13,39
3655,365.5,7,7,11,13,38
3656,365.6,7,7,11,13,38
3657,365.7,6,7,11,13,37
3658,365.8,6,6,11,13,36
3659,365.9,6,5,11,13,35
3660,366.0,5,6,11,13,35
3661,366.1,5,7,11,13,36
3662,366.2,5,7,11,13,36
3663,366.3,5,6,11,13,35
3664,366.4,5,6,11,13,35
3665,366.5,5,5,11,12,33
3666,366.6,5,5,11,12,33
3667,366.7,5,5,11,12,33
3668,366.8,5,5,11,12,33
3669,366.9,5,5,11,13,34
3670,367.0,5,5,11,12,33
3671,367.1,5,5,11,13,34
3672,367.2,5,5,11,13,34
3673,367.3,5,5,11,13,34
3674,367.4,5,5,12,14,36
3675,367.5,5,5,12,13,35
3676,367.6,5,5,12,13,35
3677,367.7,6,5,12,13,36
3678,367.8,6,5,12,14,37
3679,367.9,5,5,12,14,36
3680,368.0,5,5,12,14,36
3681,368.1,5,4,12,14,35
3682,368.2,5,4,12,13,34
3683,368.3,4,5,12,13,34
3684,368.4,4,4,12,14,34
3685,368.5,5,4,12,15,36
3686,368.6,5,4,12,14,35
3687,368.7,4,4,12,15,35
3688,368.8,4,4,13,16,37
3689,368.9,4,4,13,15,36
3690,369.0,4,4,13,15,36
3691,369.1,4,4,13,13,34
3692,369.2,4,4,13,11,32
3693,369.3,4,4,12,11,31
3694,369.4,4,4,13,10,31
3695,369.5,4,4,13,11,32
3696,369.6,4,4,13,11,32
3697,369.7,4,4,13,12,33
3698,369.8,4,4,13,11,32
3699,369.9,4,4,13,10,31
3700,370.0,4,4,13,11,32
3701,370.1,3,4,13,11,31
3702,370.2,3,4,12,11,30
3703,370.3,3,4,13,12,32
3704,370.4,3,4,12,12,31
3705,370.5,3,4,12,12,31
3706,370.6,3,4,12,13,32
3707,370.7,3,4,13,11,31
3708,370.8,3,4,12,11,30
3709,370.9,3,4,13,11,31
3710,371.0,3,4,13,10,30
3711,371.1,3,4,13,13,33
3712,371.2,3,4,13,13,33
3713,371.3,3,4,13,13,33
3714,371.4,2,4,13,14,33
3715,371.5,2,4,13,13,32
3716,371.6,2,3,13,14,32
3717,371.7,2,3,12,13,30
3718,371.8,2,3,12,12,29
3719,371.9,2,3,12,12,29
3720,372.0,2,3,12,13,30
3721,372.1,2,3,12,13,30
3722,372.2,2,3,12,14,31
3723,372.3,2,3,12,14,31
3724,372.4,2,3,12,15,32
3725,372.5,2,3,12,15,32
3726,372.6,2,3,12,14,31
3727,372.7,2,3,12,12,29
3728,372.8,2,3,12,12,29
3729,372.9,2,3,12,11,28
3730,373.0,2,3,12,13,30
3731,373.1,2,3,12,14,31
3732,373.2,2,3,12,12,29
3733,373.3,2,3,12,13,30
3734,373.4,2,3,12,14,31
3735,373.5,2,2,12,14,30
3736,373.6,1,2,12,14,29
3737,373.7,1,2,12,14,29
3738,373.8,1,2,12,14,29
3739,373.9,1,2,12,14,29
3740,374.0,1,2,12,13,28
3741,374.1,1,2,12,14,29
3742,374.2,1,2,12,14,29
3743,374.3,1,2,12,13,28
3744,374.4,1,2,12,14,29
3745,374.5,1,2,12,14,29
3746,374.6,1,2,12,13,28
3747,374.7,1,2,12,14,29
3748,374.8,0,2,12,13,27
3749,374.9,0,2,12,14,28
3750,375.0,0,2,12,15,29
3751,375.1,0,2,12,15,29
3752,375.2,0,3,12,15,30
3753,375.3,0,3,12,15,30
3754,375.4,0,3,12,13,28
3755,375.5,0,3,12,13,28
3756,375.6,0,3,12,15,30
3757,375.7,0,2,12,14,28
3758,375.8,0,2,12,14,28
3759,375.9,0,2,12,14,28
3760,376.0,0,2,12,14,28
3761,376.1,0,2,12,14,28
3762,376.2,0,2,12,14,28
3763,376.3,0,2,12,14,28
3764,376.4,0,2,12,16,30
3765,376.5,0,2,12,16,30
3766,376.6,0,2,12,15,29
3767,376.7,0,2,13,15,30
3768,376.8,1,2,13,15,31
3769,376.9,1,2,13,15,31
3770,377.0,1,2,13,14,30
3771,377.1,1,2,13,14,30
3772,377.2,1,2,14,14,31
3773,377.3,1,2,14,16,33
3774,377.4,1,2,14,14,31
3775,377.5,1,2,14,14,31
3776,377.6,1,1,14,15,31
3777,377.7,1,1,14,16,32
3778,377.8,1,1,14,15,31
3779,377.9,1,1,14,15,31
3780,378.0,1,1,14,15,31
3781,378.1,1,1,14,14,30
3782,378.2,1,1,14,14,30
3783,378.3,1,1,14,14,30
3784,378.4,1,1,14,14,30
3785,378.5,1,1,14,15,31
3786,378.6,1,1,14,15,31
3787,378.7,1,1,14,15,31
3788,378.8,1,1,14,16,32
3789,378.9,1,2,14,16,33
3790,379.0,1,2,14,16,33
3791,379.1,1,2,14,16,33
3792,379.2,1,2,14,17,34
3793,379.3,1,2,14,16,33
3794,379.4,1,2,14,14,31
3795,379.5,1,2,14,17,34
3796,379.6,1,2,14,17,34
3797,379.7,0,2,14,16,32
3798,379.8,0,2,14,16,32
3799,379.9,0,2,14,16,32
3800,380.0,0,2,14,16,32
3801,380.1,0,2,14,15,31
3802,380.2,0,2,14,15,31
3803,380.3,0,2,15,15,32
3804,380.4,0,2,15,15,32
3805,380.5,0,2,15,16,33
3806,380.6,0,2,15,15,32
3807,380.7,0,2,15,16,33
3808,380.8,0,2,15,15,32
3809,380.9,0,1,15,16,32
3810,381.0,0,1,15,16,32
3811,381.1,0,1,15,16,32
3812,381.2,0,1,15,15,31
3813,381.3,0,1,15,16,32
3814,381.4,0,1,15,15,31
3815,381.5,0,1,15,16,32
3816,381.6,0,1,15,16,32
3817,381.7,0,1,15,14,30
3818,381.8,0,1,15,14,30
3819,381.9,0,1,15,14,30
3820,382.0,0,1,15,13,29
3821,382.1,0,1,15,13,29
3822,382.2,1,1,15,13,30
3823,382.3,1,1,15,10,27
3824,382.4,1,1,15,11,28
3825,382.5,1,1,15,15,32
3826,382.6,1,1,15,15,32
3827,382.7,1,1,15,16,33
3828,382.8,1,1,15,15,32
3829,382.9,1,2,15,15,33
3830,383.0,1,2,15,16,34
3831,383.1,1,2,15,16,34
3832,383.2,1,2,15,16,34
3833,383.3,1,2,15,14,32
3834,383.4,1,2,15,11,29
3835,383.5,1,2,15,11,29
3836,383.6,1,2,15,12,30
3837,383.7,1,2,15,14,32
3838,383.8,1,2,15,12,30
3839,383.9,1,2,15,10,28
3840,384.0,1,2,15,13,31
3841,384.1,1,2,15,11,29
3842,384.2,1,2,15,14,32
3843,384.3,1,2,15,12,30
3844,384.4,1,2,15,11,29
3845,384.5,1,2,16,11,30
3846,384.6,1,2,16,12,31
3847,384.7,1,2,16,13,32
3848,384.8,1,1,16,11,29
3849,384.9,1,1,16,16,34
3850,385.0,1,1,16,14,32
3851,385.1,1,1,16,12,30
3852,385.2,1,1,16,11,29
3853,385.3,1,1,16,12,30
3854,385.4,1,1,16,13,31
3855,385.5,1,1,16,13,31
3856,385.6,1,1,16,14,32
3857,385.7,2,1,16,13,32
3858,385.8,1,1,16,12,30
3859,385.9,1,1,17,12,31
3860,386.0,1,1,15,10,27
3861,386.1,1,1,16,12,30
3862,386.2,1,1,16,14,32
3863,386.3,1,1,16,14,32
3864,386.4,1,1,16,15,33
3865,386.5,1,1,16,15,33
3866,386.6,1,1,15,15,32
3867,386.7,1,1,15,13,30
3868,386.8,1,1,15,12,29
3869,386.9,2,1,15,13,31
3870,387.0,2,1,14,10,27
3871,387.1,2,1,15,10,28
3872,387.2,2,1,14,10,27
3873,387.3,2,1,14,9,26
3874,387.4,2,1,14,11,28
3875,387.5,2,1,15,12,30
3876,387.6,2,1,16,12,31
3877,387.7,2,1,16,12,31
3878,387.8,2,1,15,13,31
3879,387.9,2,1,15,17,35
3880,388.0,2,1,15,17,35
3881,388.1,2,1,15,18,36
3882,388.2,2,1,15,18,36
3883,388.3,2,1,15,18,36
3884,388.4,2,1,15,15,33
3885,388.5,2,1,15,16,34
3886,388.6,2,1,15,16,34
3887,388.7,2,1,15,16,34
3888,388.8,2,1,15,15,33
3889,388.9,1,1,14,16,32
3890,389.0,1,1,15,16,33
3891,389.1,1,1,14,15,31
3892,389.2,1,1,14,14,30
3893,389.3,1,1,13,15,30
3894,389.4,1,1,14,15,31
3895,389.5,1,1,14,13,29
3896,389.6,1,1,14,11,27
3897,389.7,1,1,15,12,29
3898,389.8,1,1,15,13,30
3899,389.9,1,1,15,14,31
3900,390.0,1,1,15,15,32
3901,390.1,1,1,15,16,33
3902,390.2,1,1,15,17,34
3903,390.3,1,2,16,17,36
3904,390.4,1,2,16,17,36
3905,390.5,1,2,16,17,36
3906,390.6,1,2,16,16,35
3907,390.7,1,2,15,16,34
3908,390.8,1,2,15,16,34
3909,390.9,1,2,15,16,34
3910,391.0,1,2,15,16,34
3911,391.1,2,2,15,16,35
3912,391.2,2,2,15,17,36
3913,391.3,2,2,15,15,34
3914,391.4,2,1,15,17,35
3915,391.5,2,2,15,17,36
3916,391.6,2,2,15,16,35
3917,391.7,2,2,15,14,33
3918,391.8,2,2,15,14,33
3919,391.9,2,2,15,16,35
3920,392.0,2,3,15,14,34
3921,392.1,2,3,15,17,37
3922,392.2,2,3,15,16,36
3923,392.3,2,2,15,15,34
3924,392.4,2,2,15,14,33
3925,392.5,2,2,15,11,30
3926,392.6,2,2,15,14,33
3927,392.7,2,2,15,12,31
3928,392.8,2,2,15,16,35
3929,392.9,2,2,15,13,32
3930,393.0,2,2,15,14,33
3931,393.1,2,2,15,16,35
3932,393.2,2,2,15,16,35
3933,393.3,2,2,15,16,35
3934,393.4,2,2,15,16,35
3935,393.5,2,2,15,16,35
3936,393.6,2,2,15,14,33
3937,393.7,2,2,15,13,32
3938,393.8,2,2,15,15,34
3939,393.9,2,2,14,12,30
3940,394.0,2,3,14,12,31
3941,394.1,2,3,14,12,31
3942,394.2,2,3,15,15,35
3943,394.3,2,3,15,15,35
3944,394.4,2,3,15,14,34
3945,394.5,2,3,15,12,32
3946,394.6,2,3,15,13,33
3947,394.7,2,3,15,12,32
3948,394.8,2,3,15,14,34
3949,394.9,2,3,15,15,35
3950,395.0,4,3,15,15,37
3951,395.1,4,2,15,13,34
3952,395.2,4,2,15,14,35
3953,395.3,4,2,15,15,36
3954,395.4,4,2,15,13,34
3955,395.5,4,2,15,14,35
3956,395.6,4,2,15,13,34
3957,395.7,4,2,15,13,34
3958,395.8,4,2,15,15,36
3959,395.9,4,2,15,14,35
3960,396.0,4,2,15,13,34
3961,396.1,5,2,16,13,36
3962,396.2,5,2,15,15,37
3963,396.3,5,2,16,15,38
3964,396.4,4,2,16,13,35
3965,396.5,5,2,16,17,40
3966,396.6,5,2,16,15,38
3967,396.7,5,2,16,13,36
3968,396.8,5,2,16,16,39
3969,396.9,5,2,16,15,38
3970,397.0,5,2,16,16,39
3971,397.1,5,2,17,18,42
3972,397.2,5,2,17,17,41
3973,397.3,5,2,17,17,41
3974,397.4,5,2,17,19,43
3975,397.5,5,2,16,17,40
3976,397.6,5,2,16,17,40
3977,397.7,5,2,17,17,41
3978,397.8,5,2,17,17,41
3979,397.9,5,2,16,17,40
3980,398.0,4,2,17,18,41
3981,398.1,4,2,15,19,40
3982,398.2,4,2,16,19,41
3983,398.3,4,2,17,19,42
3984,398.4,4,2,17,19,42
3985,398.5,4,2,16,18,40
3986,398.6,4,2,16,18,40
3987,398.7,4,2,16,18,40
3988,398.8,4,3,15,20,42
3989,398.9,4,3,15,20,42
3990,399.0,4,3,15,18,40
3991,399.1,4,3,16,19,42
3992,399.2,4,3,16,20,43
3993,399.3,4,3,16,20,43
3994,399.4,4,3,17,20,44
3995,399.5,4,3,17,22,46
3996,399.6,4,3,18,21,46
3997,399.7,4,3,18,21,46
3998,399.8,4,3,18,21,46
3999,399.9,4,2,17,21,44
4000,400.0,4,2,18,21,45
4001,400.1,4,2,17,21,44
4002,400.2,4,2,17,21,44
4003,400.3,4,2,17,21,44
4004,400.4,5,2,17,21,45
4005,400.5,5,2,17,20,44
4006,400.6,5,2,17,20,44
4007,400.7,5,2,17,21,45
4008,400.8,5,2,17,22,46
4009,400.9,5,2,19,24,50
4010,401.0,5,2,19,23,49
4011,401.1,5,2,19,22,48
4012,401.2,5,2,19,23,49
4013,401.3,5,2,19,23,49
4014,401.4,5,2,19,23,49
4015,401.5,5,2,19,23,49
4016,401.6,5,2,18,24,49
4017,401.7,5,2,19,24,50
4018,401.8,5,2,19,25,51
4019,401.9,5,2,19,26,52
4020,402.0,4,2,19,24,49
4021,402.1,4,2,19,23,48
4022,402.2,4,2,18,22,46
4023,402.3,4,2,17,20,43
4024,402.4,4,2,17,22,45
4025,402.5,4,2,17,21,44
4026,402.6,4,2,18,22,46
4027,402.7,4,2,17,21,44
4028,402.8,4,2,18,22,46
4029,402.9,5,2,18,21,46
4030,403.0,5,2,18,21,46
4031,403.1,5,2,18,20,45
4032,403.2,5,2,17,22,46
4033,403.3,4,2,17,24,47
4034,403.4,4,2,17,24,47
4035,403.5,5,2,17,24,48
4036,403.6,5,2,17,23,47
4037,403.7,5,2,17,22,46
4038,403.8,5,2,16,22,45
4039,403.9,5,2,16,21,44
4040,404.0,5,2,16,21,44
4041,404.1,5,2,15,20,42
4042,404.2,5,2,15,20,42
4043,404.3,5,2,15,20,42
4044,404.4,5,2,15,20,42
4045,404.5,5,2,15,20,42
4046,404.6,5,2,15,20,42
4047,404.7,5,2,15,20,42
4048,404.8,5,2,15,20,42
4049,404.9,5,2,14,20,41
4050,405.0,5,2,14,19,40
4051,405.1,5,2,14,18,39
4052,405.2,5,2,14,18,39
4053,405.3,5,2,14,17,38
4054,405.4,5,2,14,17,38
4055,405.5,5,2,14,16,37
4056,405.6,5,2,13,17,37
4057,405.7,5,2,13,15,35
4058,405.8,5,2,13,15,35
4059,405.9,5,2,13,13,33
4060,406.0,5,2,13,14,34
4061,406.1,5,2,13,15,35
4062,406.2,5,2,13,16,36
4063,406.3,5,2,14,16,37
4064,406.4,5,2,13,15,35
4065,406.5,5,2,13,15,35
4066,406.6,5,2,14,14,35
4067,406.7,5,2,14,14,35
4068,406.8,5,2,14,14,35
4069,406.9,5,2,14,13,34
4070,407.0,6,2,13,13,34
4071,407.1,6,3,13,13,35
4072,407.2,6,3,14,14,37
4073,407.3,6,3,14,15,38
4074,407.4,6,3,14,14,37
4075,407.5,6,3,13,14,36
4076,407.6,6,3,13,14,36
4077,407.7,6,3,13,13,35
4078,407.8,6,3,14,14,37
4079,407.9,6,3,13,14,36
4080,408.0,6,3,13,16,38
4081,408.1,6,3,13,16,38
4082,408.2,6,3,14,16,39
4083,408.3,6,3,14,16,39
4084,408.4,7,3,13,16,39
4085,408.5,7,3,14,16,40
4086,408.6,7,3,13,16,39
4087,408.7,7,3,14,15,39
4088,408.8,7,3,13,13,36
4089,408.9,7,3,13,13,36
4090,409.0,7,3,13,14,37
4091,409.1,7,3,14,14,38
4092,409.2,7,3,13,14,37
4093,409.3,7,4,14,14,39
4094,409.4,7,4,13,13,37
4095,409.5,7,4,13,12,36
4096,409.6,7,4,14,12,37
4097,409.7,7,4,14,11,36
4098,409.8,8,4,14,11,37
4099,409.9,9,4,13,11,37
4100,410.0,9,4,13,10,36
4101,410.1,9,4,13,11,37
4102,410.2,9,4,13,10,36
4103,410.3,9,4,13,10,36
4104,410.4,9,4,12,10,35
4105,410.5,9,4,12,10,35
4106,410.6,9,4,12,10,35
4107,410.7,9,4,13,10,36
4108,410.8,9,4,13,10,36
4109,410.9,9,4,13,10,36
4110,411.0,9,4,13,10,36
4111,411.1,9,4,12,12,37
4112,411.2,9,4,12,10,35
4113,411.3,9,4,12,12,37
4114,411.4,9,4,12,12,37
4115,411.5,9,4,12,12,37
4116,411.6,9,4,12,12,37
4117,411.7,9,4,12,12,37
4118,411.8,9,4,12,12,37
4119,411.9,9,4,11,12,36
4120,412.0,9,4,12,12,37
4121,412.1,9,4,13,12,38
4122,412.2,9,4,13,13,39
4123,412.3,9,4,13,12,38
4124,412.4,9,4,13,13,39
4125,412.5,9,4,14,12,39
4126,412.6,9,4,14,13,40
4127,412.7,9,4,14,11,38
4128,412.8,9,4,14,12,39
4129,412.9,9,4,14,10,37
4130,413.0,9,4,14,10,37
4131,413.1,9,4,14,10,37
4132,413.2,10,4,14,10,38
4133,413.3,10,4,14,10,38
4134,413.4,10,4,14,10,38
4135,413.5,10,4,14,11,39
4136,413.6,10,4,14,11,39
4137,413.7,10,4,13,11,38
4138,413.8,10,4,14,11,39
4139,413.9,10,4,14,11,39
4140,414.0,10,4,13,10,37
4141,414.1,10,4,13,10,37
4142,414.2,10,4,13,11,38
4143,414.3,10,4,13,11,38
4144,414.4,10,4,13,12,39
4145,414.5,10,4,12,12,38
4146,414.6,10,4,12,12,38
4147,414.7,10,4,12,12,38
4148,414.8,10,4,12,12,38
4149,414.9,10,4,12,12,38
4150,415.0,10,4,11,12,37
4151,415.1,10,4,11,13,38
4152,415.2,9,4,11,12,36
4153,415.3,9,4,12,12,37
4154,415.4,9,4,12,11,36
4155,415.5,9,4,11,11,35
4156,415.6,10,4,11,10,35
4157,415.7,10,4,11,10,35
4158,415.8,10,4,10,10,34
4159,415.9,10,4,10,10,34
4160,416.0,10,4,12,10,36
4161,416.1,10,4,12,11,37
4162,416.2,10,4,11,11,36
4163,416.3,10,4,12,11,37
4164,416.4,10,4,12,11,37
4165,416.5,10,4,12,10,36
4166,416.6,10,4,12,9,35
4167,416.7,10,4,12,10,36
4168,416.8,10,4,12,10,36
4169,416.9,10,4,12,10,36
4170,417.0,10,4,12,9,35
4171,417.1,10,4,12,10,36
4172,417.2,10,4,12,10,36
4173,417.3,10,4,12,10,36
4174,417.4,10,4,11,9,34
4175,417.5,10,5,11,9,35
4176,417.6,10,5,11,10,36
4177,417.7,10,5,11,10,36
4178,417.8,10,5,11,8,34
4179,417.9,10,5,11,8,34
4180,418.0,10,5,11,9,35
4181,418.1,10,5,11,8,34
4182,418.2,10,5,11,8,34
4183,418.3,10,5,11,8,34
4184,418.4,10,5,11,7,33
4185,418.5,10,5,10,7,32
4186,418.6,10,5,10,7,32
4187,418.7,10,5,9,7,31
4188,418.8,10,5,9,7,31
4189,418.9,10,5,9,7,31
4190,419.0,10,5,9,7,31
4191,419.1,10,5,9,7,31
4192,419.2,10,5,9,7,31
4193,419.3,10,5,9,7,31
4194,419.4,10,5,9,7,31
4195,419.5,10,5,9,7,31
4196,419.6,10,5,11,7,33
4197,419.7,10,5,11,7,33
4198,419.8,10,5,11,7,33
4199,419.9,10,5,11,7,33
4200,420.0,10,5,11,7,33
4201,420.1,10,5,11,7,33
4202,420.2,10,5,11,6,32
4203,420.3,10,5,11,6,32
4204,420.4,10,5,11,6,32
4205,420.5,10,5,12,6,33
4206,420.6,10,5,12,6,33
4207,420.7,10,5,12,6,33
4208,420.8,10,5,12,5,32
4209,420.9,10,5,12,5,32
4210,421.0,10,5,12,5,32
4211,421.1,10,5,12,6,33
4212,421.2,10,5,12,6,33
4213,421.3,10,5,12,6,33
4214,421.4,10,5,12,6,33
4215,421.5,10,5,12,6,33
4216,421.6,10,5,12,6,33
4217,421.7,10,5,12,6,33
4218,421.8,10,5,12,6,33
4219,421.9,10,5,12,7,34
4220,422.0,10,5,12,6,33
4221,422.1,10,5,11,6,32
4222,422.2,10,5,11,6,32
4223,422.3,10,5,11,6,32
4224,422.4,10,5,12,7,34
4225,422.5,10,5,12,7,34
4226,422.6,10,5,11,7,33
4227,422.7,10,5,12,6,33
4228,422.8,10,5,12,6,33
4229,422.9,10,5,12,6,33
4230,423.0,10,5,12,6,33
4231,423.1,10,5,12,6,33
4232,423.2,10,5,12,6,33
4233,423.3,10,5,12,6,33
4234,423.4,10,5,11,6,32
4235,423.5,10,5,11,6,32
4236,423.6,10,5,11,6,32
4237,423.7,10,5,12,6,33
4238,423.8,10,5,12,6,33
4239,423.9,10,5,11,6,32
4240,424.0,10,5,11,6,32
4241,424.1,10,5,11,5,31
4242,424.2,10,5,11,5,31
4243,424.3,10,5,10,4,29
4244,424.4,10,5,10,5,30
4245,424.5,10,5,10,5,30
4246,424.6,10,5,10,5,30
4247,424.7,10,5,10,5,30
4248,424.8,10,5,10,5,30
4249,424.9,10,5,10,5,30
4250,425.0,10,4,10,5,29
4251,425.1,10,4,10,5,29
4252,425.2,10,4,11,5,30
4253,425.3,10,4,9,5,28
4254,425.4,10,4,10,5,29
4255,425.5,10,4,10,5,29
4256,425.6,10,4,10,5,29
4257,425.7,10,4,11,5,30
4258,425.8,10,4,11,5,30
4259,425.9,10,4,10,5,29
4260,426.0,10,4,10,4,28
4261,426.1,10,4,10,4,28
4262,426.2,10,4,9,4,27
4263,426.3,10,4,9,4,27
4264,426.4,10,4,9,4,27
4265,426.5,10,4,9,4,27
4266,426.6,10,4,9,4,27
4267,426.7,10,4,9,4,27
4268,426.8,10,4,9,4,27
4269,426.9,10,4,9,4,27
4270,427.0,10,4,9,3,26
4271,427.1,10,4,9,3,26
4272,427.2,10,4,9,3,26
4273,427.3,10,4,9,3,26
4274,427.4,10,4,9,3,26
4275,427.5,10,4,9,3,26
4276,427.6,10,4,8,3,25
4277,427.7,10,4,8,3,25
4278,427.8,10,4,8,3,25
4279,427.9,10,4,8,3,25
4280,428.0,10,4,7,2,23
4281,428.1,10,4,8,2,24
4282,428.2,10,4,8,2,24
4283,428.3,10,4,8,2,24
4284,428.4,10,4,8,2,24
4285,428.5,10,4,8,2,24
4286,428.6,10,4,8,2,24
4287,428.7,10,4,8,2,24
4288,428.8,10,4,8,2,24
4289,428.9,10,4,8,2,24
4290,429.0,10,4,8,2,24
4291,429.1,10,4,8,2,24
4292,429.2,10,4,8,2,24
4293,429.3,10,4,8,2,24
4294,429.4,11,4,8,2,25
4295,429.5,11,4,8,2,25
4296,429.6,11,4,8,2,25
4297,429.7,12,4,8,2,26
4298,429.8,12,4,8,2,26
4299,429.9,12,4,8,2,26
4300,430.0,12,4,9,2,27
4301,430.1,12,4,9,2,27
4302,430.2,12,4,8,2,26
4303,430.3,12,4,8,2,26
4304,430.4,12,4,8,2,26
4305,430.5,12,4,7,2,25
4306,430.6,12,4,8,2,26
4307,430.7,12,4,8,2,26
4308,430.8,12,4,8,2,26
4309,430.9,12,4,8,2,26
4310,431.0,12,4,8,2,26
4311,431.1,12,4,8,2,26
4312,431.2,12,4,8,2,26
4313,431.3,12,4,8,2,26
4314,431.4,12,4,8,2,26
4315,431.5,13,4,8,3,28
4316,431.6,13,4,8,2,27
4317,431.7,13,4,9,2,28
4318,431.8,13,4,9,3,29
4319,431.9,13,4,9,2,28
4320,432.0,13,4,9,2,28
4321,432.1,13,4,9,3,29
4322,432.2,13,4,8,3,28
4323,432.3,13,4,8,3,28
4324,432.4,13,4,8,2,27
4325,432.5,13,4,8,2,27
4326,432.6,13,4,8,3,28
4327,432.7,13,4,8,2,27
4328,432.8,13,4,8,2,27
4329,432.9,12,4,8,3,27
4330,433.0,13,4,8,3,28
4331,433.1,13,4,8,3,28
4332,433.2,13,4,7,3,27
4333,433.3,13,4,8,2,27
4334,433.4,13,5,8,3,29
4335,433.5,14,5,8,3,30
4336,433.6,14,6,7,3,30
4337,433.7,14,6,7,3,30
4338,433.8,14,6,6,3,29
4339,433.9,13,6,7,3,29
4340,434.0,13,6,7,3,29
4341,434.1,13,6,7,2,28
4342,434.2,13,6,7,2,28
4343,434.3,13,6,7,2,28
4344,434.4,13,6,7,2,28
4345,434.5,13,6,7,2,28
4346,434.6,13,6,7,2,28
4347,434.7,13,6,7,2,28
4348,434.8,13,6,6,2,27
4349,434.9,13,6,6,2,27
4350,435.0,12,6,6,2,26
4351,435.1,12,5,6,2,25
4352,435.2,12,5,7,2,26
4353,435.3,13,5,7,2,27
4354,435.4,13,6,7,2,28
4355,435.5,13,6,7,2,28
4356,435.6,13,6,7,2,28
4357,435.7,13,6,7,2,28
4358,435.8,13,6,7,2,28
4359,435.9,13,6,7,2,28
4360,436.0,12,6,7,2,27
4361,436.1,12,6,8,2,28
4362,436.2,12,5,7,2,26
4363,436.3,13,5,7,2,27
4364,436.4,13,5,7,2,27
4365,436.5,12,5,6,2,25
4366,436.6,12,5,6,2,25
4367,436.7,12,5,6,2,25
4368,436.8,12,5,6,2,25
4369,436.9,12,5,6,3,26
4370,437.0,12,5,7,4,28
4371,437.1,12,5,7,4,28
4372,437.2,12,4,7,4,27
4373,437.3,12,4,7,4,27
4374,437.4,12,4,7,4,27
4375,437.5,11,4,7,5,27
4376,437.6,11,4,7,4,26
4377,437.7,12,4,6,5,27
4378,437.8,12,4,6,5,27
4379,437.9,12,4,6,5,27
4380,438.0,12,4,6,5,27
4381,438.1,12,4,6,5,27
4382,438.2,12,4,6,5,27
4383,438.3,13,4,6,5,28
4384,438.4,13,4,6,5,28
4385,438.5,13,4,6,5,28
4386,438.6,13,3,7,5,28
4387,438.7,13,3,6,5,27
4388,438.8,12,4,7,4,27
4389,438.9,12,4,7,5,28
4390,439.0,12,4,7,5,28
4391,439.1,13,4,7,5,29
4392,439.2,13,4,7,5,29
4393,439.3,14,4,7,4,29
4394,439.4,13,4,6,5,28
4395,439.5,12,4,6,4,26
4396,439.6,13,4,6,4,27
4397,439.7,13,4,6,4,27
4398,439.8,13,4,6,4,27
4399,439.9,14,4,6,4,28
4400,440.0,14,4,6,4,28
4401,440.1,14,4,6,4,28
4402,440.2,14,4,6,5,29
4403,440.3,14,4,7,5,30
4404,440.4,14,4,7,5,30
4405,440.5,14,4,6,5,29
4406,440.6,14,4,7,5,30
4407,440.7,14,4,8,5,31
4408,440.8,14,4,8,5,31
4409,440.9,14,4,8,5,31
4410,441.0,14,3,8,5,30
4411,441.1,14,3,8,5,30
4412,441.2,14,3,9,5,31
4413,441.3,14,3,9,5,31
4414,441.4,14,3,7,5,29
4415,441.5,14,3,8,5,30
4416,441.6,15,3,8,5,31
4417,441.7,15,3,8,6,32
4418,441.8,15,3,8,6,32
4419,441.9,14,3,8,5,30
4420,442.0,14,3,7,5,29
4421,442.1,14,3,8,5,30
4422,442.2,14,3,8,5,30
4423,442.3,14,4,8,5,31
4424,442.4,13,4,8,5,30
4425,442.5,13,4,8,5,30
4426,442.6,12,4,8,5,29
4427,442.7,12,4,8,5,29
4428,442.8,12,4,8,5,29
4429,442.9,12,4,9,5,30
4430,443.0,12,4,9,5,30
4431,443.1,12,5,9,5,31
4432,443.2,12,5,9,5,31
4433,443.3,13,5,9,5,32
4434,443.4,12,5,9,6,32
4435,443.5,12,5,9,6,32
4436,443.6,13,5,9,6,33
4437,443.7,13,5,9,6,33
4438,443.8,13,5,8,6,32
4439,443.9,14,5,8,6,33
4440,444.0,14,5,8,6,33
4441,444.1,14,5,8,6,33
4442,444.2,14,5,8,6,33
4443,444.3,14,5,8,7,34
4444,444.4,13,5,8,7,33
4445,444.5,13,5,8,7,33
4446,444.6,13,5,8,7,33
4447,444.7,13,5,8,7,33
4448,444.8,13,5,8,7,33
4449,444.9,13,5,8,7,33
4450,445.0,13,5,8,7,33
4451,445.1,12,5,8,7,32
4452,445.2,12,5,8,8,33
4453,445.3,12,5,8,8,33
4454,445.4,12,5,9,8,34
4455,445.5,13,5,9,7,34
4456,445.6,13,5,9,7,34
4457,445.7,13,5,9,8,35
4458,445.8,13,5,9,8,35
4459,445.9,13,5,10,8,36
4460,446.0,13,5,11,9,38
4461,446.1,13,5,11,9,38
4462,446.2,14,5,11,9,39
4463,446.3,14,5,11,9,39
4464,446.4,14,5,12,9,40
4465,446.5,13,5,12,9,39
4466,446.6,15,5,11,9,40
4467,446.7,15,5,11,9,40
4468,446.8,15,5,11,9,40
4469,446.9,15,5,11,9,40
4470,447.0,15,4,11,9,39
4471,447.1,15,4,11,9,39
4472,447.2,15,4,11,9,39
4473,447.3,14,4,11,8,37
4474,447.4,14,4,11,8,37
4475,447.5,14,5,11,8,38
4476,447.6,15,5,11,8,39
4477,447.7,15,5,11,8,39
4478,447.8,15,5,11,8,39
4479,447.9,15,5,11,8,39
4480,448.0,16,5,11,8,40
4481,448.1,16,6,12,8,42
4482,448.2,15,6,12,8,41
4483,448.3,15,6,12,8,41
4484,448.4,15,6,12,9,42
4485,448.5,15,6,12,9,42
4486,448.6,15,6,12,9,42
4487,448.7,15,6,12,8,41
4488,448.8,15,6,11,8,40
4489,448.9,16,6,12,8,42
4490,449.0,16,6,12,8,42
4491,449.1,16,6,11,8,41
4492,449.2,16,6,12,8,42
4493,449.3,16,6,11,8,41
4494,449.4,16,6,11,8,41
4495,449.5,16,6,11,8,41
4496,449.6,16,6,12,8,42
4497,449.7,16,6,12,8,42
4498,449.8,16,6,12,8,42
4499,449.9,16,6,12,8,42
4500,450.0,16,6,12,8,42
4501,450.1,15,5,13,8,41
4502,450.2,16,6,13,8,43
4503,450.3,16,6,13,8,43
4504,450.4,16,6,13,8,43
4505,450.5,16,5,13,9,43
4506,450.6,16,5,13,8,42
4507,450.7,16,7,13,8,44
4508,450.8,16,7,13,8,44
4509,450.9,16,7,12,8,43
4510,451.0,16,7,12,8,43
4511,451.1,15,7,12,8,42
4512,451.2,15,6,11,8,40
4513,451.3,15,6,11,8,40
4514,451.4,14,7,11,8,40
4515,451.5,15,7,11,8,41
4516,451.6,15,7,11,8,41
4517,451.7,15,7,11,8,41
4518,451.8,15,7,11,9,42
4519,451.9,15,7,12,9,43
4520,452.0,15,7,12,8,42
4521,452.1,15,7,12,8,42
4522,452.2,15,6,13,10,44
4523,452.3,15,7,13,10,45
4524,452.4,15,7,13,10,45
4525,452.5,14,7,13,10,44
4526,452.6,13,7,13,10,43
4527,452.7,13,7,13,9,42
4528,452.8,13,7,14,9,43
4529,452.9,12,7,14,9,42
4530,453.0,13,7,14,9,43
4531,453.1,13,7,14,8,42
4532,453.2,13,7,13,8,41
4533,453.3,13,6,13,8,40
4534,453.4,13,6,13,8,40
4535,453.5,13,6,13,9,41
4536,453.6,13,6,13,8,40
4537,453.7,13,6,13,9,41
4538,453.8,13,6,13,10,42
4539,453.9,13,6,13,9,41
4540,454.0,13,6,13,9,41
4541,454.1,13,6,13,8,40
4542,454.2,13,5,13,8,39
4543,454.3,13,6,13,8,40
4544,454.4,14,6,13,8,41
4545,454.5,15,7,13,8,43
4546,454.6,15,7,13,8,43
4547,454.7,14,7,13,7,41
4548,454.8,14,7,13,8,42
4549,454.9,15,7,14,8,44
4550,455.0,15,7,14,7,43
4551,455.1,15,6,14,8,43
4552,455.2,15,6,14,8,43
4553,455.3,15,6,14,8,43
4554,455.4,15,6,13,8,42
4555,455.5,15,7,13,7,42
4556,455.6,15,6,13,7,41
4557,455.7,15,6,13,7,41
4558,455.8,15,6,13,7,41
4559,455.9,15,6,13,6,40
4560,456.0,15,6,13,7,41
4561,456.1,15,6,13,7,41
4562,456.2,14,7,13,7,41
4563,456.3,14,6,13,7,40
4564,456.4,14,6,13,7,40
4565,456.5,14,5,13,7,39
4566,456.6,14,6,13,7,40
4567,456.7,13,6,13,6,38
4568,456.8,14,6,13,7,40
4569,456.9,14,5,13,6,38
4570,457.0,14,6,13,7,40
4571,457.1,14,6,13,8,41
4572,457.2,14,6,13,8,41
4573,457.3,14,6,13,8,41
4574,457.4,13,6,13,8,40
4575,457.5,13,6,13,7,39
4576,457.6,14,6,13,8,41
4577,457.7,14,6,13,8,41
4578,457.8,14,6,13,8,41
4579,457.9,14,6,13,8,41
4580,458.0,14,6,13,7,40
4581,458.1,14,6,13,7,40
4582,458.2,14,6,13,7,40
4583,458.3,14,7,13,7,41
4584,458.4,14,7,13,7,41
4585,458.5,14,7,13,7,41
4586,458.6,14,7,13,7,41
4587,458.7,13,7,13,7,40
4588,458.8,13,7,13,8,41
4589,458.9,13,8,13,7,41
4590,459.0,13,7,13,7,40
4591,459.1,13,8,14,8,43
4592,459.2,13,8,14,8,43
4593,459.3,13,8,14,8,43
4594,459.4,13,8,14,7,42
4595,459.5,13,8,13,8,42
4596,459.6,13,8,13,7,41
4597,459.7,13,8,13,7,41
4598,459.8,13,8,13,7,41
4599,459.9,13,8,13,6,40
4600,460.0,13,8,13,7,41
4601,460.1,13,8,13,7,41
4602,460.2,13,8,13,7,41
4603,460.3,13,8,13,7,41
4604,460.4,13,8,13,8,42
4605,460.5,13,8,13,8,42
4606,460.6,13,8,13,8,42
4607,460.7,13,7,14,8,42
4608,460.8,13,7,13,8,41
4609,460.9,14,7,14,7,42
4610,461.0,14,7,14,7,42
4611,461.1,14,6,14,7,41
4612,461.2,14,7,14,7,42
4613,461.3,13,7,14,7,41
4614,461.4,13,8,14,7,42
4615,461.5,12,7,14,7,40
4616,461.6,12,7,14,7,40
4617,461.7,12,7,14,7,40
4618,461.8,12,8,14,7,41
4619,461.9,12,9,14,7,42
4620,462.0,12,8,14,7,41
4621,462.1,12,7,14,7,40
4622,462.2,12,8,14,7,41
4623,462.3,12,8,14,7,41
4624,462.4,12,7,14,7,40
4625,462.5,13,7,14,7,41
4626,462.6,13,7,14,8,42
4627,462.7,13,7,14,8,42
4628,462.8,13,8,14,8,43
4629,462.9,13,8,14,8,43
4630,463.0,13,8,14,8,43
4631,463.1,13,7,14,8,42
4632,463.2,13,7,14,8,42
4633,463.3,14,8,14,8,44
4634,463.4,14,9,14,9,46
4635,463.5,14,9,14,9,46
4636,463.6,15,9,14,9,47
4637,463.7,14,8,14,9,45
4638,463.8,14,9,14,9,46
4639,463.9,13,9,14,9,45
4640,464.0,13,8,14,9,44
4641,464.1,13,7,14,9,43
4642,464.2,13,7,14,9,43
4643,464.3,13,8,14,9,44
4644,464.4,13,7,14,9,43
4645,464.5,13,6,14,9,42
4646,464.6,13,6,14,9,42
4647,464.7,13,6,14,9,42
4648,464.8,13,6,14,9,42
4649,464.9,13,6,14,8,41
4650,465.0,13,6,14,9,42
4651,465.1,13,6,14,8,41
4652,465.2,13,6,14,8,41
4653,465.3,13,6,14,9,42
4654,465.4,13,6,14,9,42
4655,465.5,13,6,14,9,42
4656,465.6,12,6,14,9,41
4657,465.7,11,7,14,9,41
4658,465.8,11,6,14,9,40
4659,465.9,11,7,14,9,41
4660,466.0,11,6,14,10,41
4661,466.1,11,6,14,10,41
4662,466.2,11,6,15,10,42
4663,466.3,11,6,15,10,42
4664,466.4,11,6,15,10,42
4665,466.5,12,6,15,10,43
4666,466.6,12,6,14,10,42
4667,466.7,11,6,15,10,42
4668,466.8,11,5,15,9,40
4669,466.9,10,5,15,9,39
4670,467.0,10,5,15,9,39
4671,467.1,10,5,15,9,39
4672,467.2,10,5,15,8,38
4673,467.3,10,6,15,8,39
4674,467.4,10,5,15,8,38
4675,467.5,10,5,15,8,38
4676,467.6,10,5,15,9,39
4677,467.7,10,5,15,9,39
4678,467.8,10,5,15,8,38
4679,467.9,9,4,15,8,36
4680,468.0,9,4,15,8,36
4681,468.1,9,4,15,8,36
4682,468.2,9,4,15,8,36
4683,468.3,9,4,15,8,36
4684,468.4,9,4,15,8,36
4685,468.5,9,4,15,8,36
4686,468.6,9,4,15,8,36
4687,468.7,9,4,15,8,36
4688,468.8,9,4,15,8,36
4689,468.9,9,4,15,8,36
4690,469.0,10,4,15,8,37
4691,469.1,10,3,15,8,36
4692,469.2,10,3,15,8,36
4693,469.3,11,3,15,8,37
4694,469.4,11,3,15,8,37
4695,469.5,11,3,15,8,37
4696,469.6,11,3,15,8,37
4697,469.7,10,3,15,8,36
4698,469.8,9,2,15,8,34
4699,469.9,9,2,15,8,34
4700,470.0,8,2,15,8,33
4701,470.1,8,2,15,8,33
4702,470.2,8,2,16,8,34
4703,470.3,8,2,16,8,34
4704,470.4,8,2,16,8,34
4705,470.5,8,2,16,8,34
4706,470.6,8,2,15,8,33
4707,470.7,7,2,16,7,32
4708,470.8,7,2,16,7,32
4709,470.9,7,2,16,7,32
4710,471.0,7,2,15,8,32
4711,471.1,7,2,15,8,32
4712,471.2,7,2,15,8,32
4713,471.3,8,2,15,8,33
4714,471.4,8,2,15,8,33
4715,471.5,8,2,15,8,33
4716,471.6,8,2,15,8,33
4717,471.7,8,2,15,8,33
4718,471.8,8,3,16,8,35
4719,471.9,8,3,16,8,35
4720,472.0,8,3,16,8,35
4721,472.1,8,3,16,8,35
4722,472.2,8,3,16,8,35
4723,472.3,8,3,16,8,35
4724,472.4,7,3,16,8,34
4725,472.5,7,3,16,8,34
4726,472.6,8,3,16,8,35
4727,472.7,8,3,16,8,35
4728,472.8,7,3,16,8,34
4729,472.9,7,3,16,8,34
4730,473.0,7,3,16,8,34
4731,473.1,7,3,16,8,34
4732,473.2,7,4,16,8,35
4733,473.3,7,4,16,8,35
4734,473.4,7,4,16,8,35
4735,473.5,7,3,16,8,34
4736,473.6,8,3,16,8,35
4737,473.7,8,3,16,8,35
4738,473.8,8,3,16,8,35
4739,473.9,8,3,16,8,35
4740,474.0,8,3,16,8,35
4741,474.1,9,3,16,8,36
4742,474.2,9,3,16,8,36
4743,474.3,9,3,16,8,36
4744,474.4,9,3,16,9,37
4745,474.5,9,3,16,9,37
4746,474.6,9,3,16,9,37
4747,474.7,8,3,16,9,36
4748,474.8,8,3,16,9,36
4749,474.9,8,3,16,9,36
4750,475.0,8,3,16,9,36
4751,475.1,8,3,16,9,36
4752,475.2,8,3,15,9,35
4753,475.3,7,4,16,9,36
4754,475.4,7,4,15,8,34
4755,475.5,7,4,15,8,34
4756,475.6,7,4,15,8,34
4757,475.7,7,4,15,8,34
4758,475.8,7,4,15,8,34
4759,475.9,7,4,15,8,34
4760,476.0,7,4,15,8,34
4761,476.1,7,4,15,8,34
4762,476.2,7,4,16,8,35
4763,476.3,7,4,16,8,35
4764,476.4,7,4,16,8,35
4765,476.5,7,4,16,8,35
4766,476.6,7,4,16,8,35
4767,476.7,7,4,16,8,35
4768,476.8,7,4,16,8,35
4769,476.9,7,4,16,8,35
4770,477.0,7,4,15,8,34
4771,477.1,7,4,16,8,35
4772,477.2,7,3,17,8,35
4773,477.3,7,3,17,8,35
4774,477.4,7,3,16,8,34
4775,477.5,7,3,17,8,35
4776,477.6,7,3,16,8,34
4777,477.7,7,3,17,8,35
4778,477.8,7,4,17,8,36
4779,477.9,7,4,17,8,36
4780,478.0,7,4,17,8,36
4781,478.1,7,4,17,8,36
4782,478.2,7,4,17,8,36
4783,478.3,7,4,17,8,36
4784,478.4,6,4,17,8,35
4785,478.5,6,4,17,8,35
4786,478.6,6,4,17,8,35
4787,478.7,6,3,18,8,35
4788,478.8,6,3,17,8,34
4789,478.9,6,3,18,8,35
4790,479.0,6,3,17,8,34
4791,479.1,6,3,17,8,34
4792,479.2,7,3,16,8,34
4793,479.3,7,3,16,8,34
4794,479.4,7,3,17,8,35
4795,479.5,7,3,17,8,35
4796,479.6,6,3,16,8,33
4797,479.7,6,3,16,8,33
4798,479.8,6,3,17,8,34
4799,479.9,6,3,18,8,35
4800,480.0,6,3,17,8,34
4801,480.1,7,3,17,8,35
4802,480.2,7,2,17,8,34
4803,480.3,7,2,17,8,34
4804,480.4,7,2,17,8,34
4805,480.5,7,1,17,9,34
4806,480.6,7,1,18,9,35
4807,480.7,7,1,17,9,34
4808,480.8,7,1,18,9,35
4809,480.9,7,1,18,9,35
4810,481.0,7,1,18,9,35
4811,481.1,7,2,18,9,36
4812,481.2,6,2,17,9,34
4813,481.3,6,2,17,9,34
4814,481.4,6,2,17,9,34
4815,481.5,5,2,18,9,34
4816,481.6,5,2,18,9,34
4817,481.7,5,2,17,10,34
4818,481.8,5,2,18,10,35
4819,481.9,5,2,18,10,35
4820,482.0,6,2,17,10,35
4821,482.1,6,2,18,10,36
4822,482.2,6,2,19,10,37
4823,482.3,6,2,17,9,34
4824,482.4,6,2,18,10,36
4825,482.5,6,1,18,10,35
4826,482.6,6,1,18,10,35
4827,482.7,6,1,18,10,35
4828,482.8,6,1,17,10,34
4829,482.9,6,1,17,10,34
4830,483.0,6,1,17,10,34
4831,483.1,6,1,17,10,34
4832,483.2,6,1,18,10,35
4833,483.3,6,1,16,10,33
4834,483.4,6,1,17,10,34
4835,483.5,7,1,16,10,34
4836,483.6,7,1,17,10,35
4837,483.7,6,1,16,10,33
4838,483.8,6,1,16,10,33
4839,483.9,6,1,16,10,33
4840,484.0,6,1,16,10,33
4841,484.1,6,1,17,10,34
4842,484.2,6,1,18,10,35
4843,484.3,6,1,18,10,35
4844,484.4,5,1,18,10,34
4845,484.5,5,1,17,10,33
4846,484.6,5,1,17,10,33
4847,484.7,5,1,18,10,34
4848,484.8,5,1,17,10,33
4849,484.9,5,1,18,10,34
4850,485.0,5,1,18,9,33
4851,485.1,5,1,18,10,34
4852,485.2,5,1,18,10,34
4853,485.3,5,1,16,10,32
4854,485.4,5,1,16,10,32
4855,485.5,5,1,17,10,33
4856,485.6,5,1,17,10,33
4857,485.7,5,1,17,10,33
4858,485.8,5,1,16,11,33
4859,485.9,5,0,16,11,32
4860,486.0,5,0,16,11,32
4861,486.1,5,0,15,11,31
4862,486.2,5,0,15,11,31
4863,486.3,5,0,15,11,31
4864,486.4,5,0,15,11,31
4865,486.5,5,0,16,11,32
4866,486.6,4,0,16,10,30
4867,486.7,4,0,15,10,29
4868,486.8,4,0,15,10,29
4869,486.9,5,0,15,10,30
4870,487.0,5,0,15,10,30
4871,487.1,5,0,16,10,31
4872,487.2,5,0,16,10,31
4873,487.3,5,0,17,10,32
4874,487.4,5,0,17,10,32
4875,487.5,5,0,17,10,32
4876,487.6,5,0,17,10,32
4877,487.7,5,0,17,10,32
4878,487.8,5,0,17,10,32
4879,487.9,5,0,16,10,31
4880,488.0,4,0,16,10,30
4881,488.1,4,0,16,10,30
4882,488.2,4,0,16,11,31
4883,488.3,4,0,16,11,31
4884,488.4,4,0,16,11,31
4885,488.5,4,0,16,11,31
4886,488.6,4,0,16,11,31
4887,488.7,4,0,16,11,31
4888,488.8,4,0,16,11,31
4889,488.9,4,0,16,11,31
4890,489.0,4,0,16,11,31
4891,489.1,4,0,16,11,31
4892,489.2,4,0,15,11,30
4893,489.3,4,0,16,11,31
4894,489.4,4,0,16,11,31
4895,489.5,4,0,16,11,31
4896,489.6,4,0,16,11,31
4897,489.7,4,0,16,11,31
4898,489.8,4,0,16,11,31
4899,489.9,4,0,16,11,31
4900,490.0,4,0,16,11,31
4901,490.1,4,0,16,11,31
4902,490.2,4,0,16,11,31
4903,490.3,4,0,16,11,31
4904,490.4,4,0,16,11,31
4905,490.5,4,0,16,11,31
4906,490.6,4,0,16,11,31
4907,490.7,5,0,16,11,32
4908,490.8,5,0,16,11,32
4909,490.9,5,0,15,11,31
4910,491.0,5,0,15,11,31
4911,491.1,5,0,16,11,32
4912,491.2,5,0,16,11,32
4913,491.3,5,0,16,11,32
4914,491.4,5,0,15,10,30
4915,491.5,4,0,15,10,29
4916,491.6,4,0,16,10,30
4917,491.7,4,0,16,11,31
4918,491.8,4,0,16,11,31
4919,491.9,4,0,16,10,30
4920,492.0,4,0,16,10,30
4921,492.1,4,0,16,10,30
4922,492.2,4,0,16,10,30
4923,492.3,4,0,16,10,30
4924,492.4,4,0,16,10,30
4925,492.5,4,0,17,10,31
4926,492.6,4,0,17,10,31
4927,492.7,4,0,17,10,31
4928,492.8,4,0,17,10,31
4929,492.9,4,0,17,10,31
4930,493.0,4,0,17,9,30
4931,493.1,4,0,15,9,28
4932,493.2,4,0,16,9,29
4933,493.3,5,0,17,9,31
4934,493.4,5,0,17,9,31
4935,493.5,5,0,17,9,31
4936,493.6,5,0,17,9,31
4937,493.7,5,0,17,9,31
4938,493.8,5,0,16,9,30
4939,493.9,4,0,16,9,29
4940,494.0,4,0,17,9,30
4941,494.1,4,0,17,9,30
4942,494.2,4,0,19,9,32
4943,494.3,4,0,19,9,32
4944,494.4,4,0,17,9,30
4945,494.5,4,0,19,9,32
4946,494.6,5,0,18,9,32
4947,494.7,5,0,17,9,31
4948,494.8,5,0,18,9,32
4949,494.9,5,0,19,9,33
4950,495.0,5,0,18,9,32
4951,495.1,5,0,18,9,32
4952,495.2,5,0,18,9,32
4953,495.3,5,0,19,9,33
4954,495.4,5,0,18,9,32
4955,495.5,5,0,19,9,33
4956,495.6,5,0,18,9,32
4957,495.7,5,0,19,9,33
4958,495.8,5,0,19,9,33
4959,495.9,5,0,19,9,33
4960,496.0,5,0,17,9,31
4961,496.1,5,0,17,9,31
4962,496.2,5,0,18,9,32
4963,496.3,5,0,17,9,31
4964,496.4,5,0,17,9,31
4965,496.5,5,0,17,9,31
4966,496.6,5,0,18,9,32
4967,496.7,5,0,17,9,31
4968,496.8,5,0,17,9,31
4969,496.9,5,0,17,9,31
4970,497.0,5,0,17,9,31
4971,497.1,5,0,17,9,31
4972,497.2,5,0,17,8,30
4973,497.3,5,0,16,9,30
4974,497.4,5,0,17,8,30
4975,497.5,5,0,16,9,30
4976,497.6,5,0,18,9,32
4977,497.7,5,0,17,9,31
4978,497.8,5,0,17,9,31
4979,497.9,5,0,18,9,32
4980,498.0,5,0,18,9,32
4981,498.1,5,0,17,9,31
4982,498.2,5,0,17,9,31
4983,498.3,5,0,17,9,31
4984,498.4,5,0,17,9,31
4985,498.5,5,0,17,9,31
4986,498.6,5,0,16,9,30
4987,498.7,5,0,16,8,29
4988,498.8,5,0,15,8,28
4989,498.9,5,0,16,8,29
4990,499.0,5,0,15,8,28
4991,499.1,5,0,16,8,29
4992,499.2,5,0,14,8,27
4993,499.3,5,0,15,8,28
4994,499.4,5,0,16,8,29
4995,499.5,5,0,16,8,29
4996,499.6,5,0,16,8,29
4997,499.7,5,0,15,8,28
4998,499.8,5,0,15,8,28
4999,499.9,5,0,15,8,28
5000,500.0,5,0,15,8,28
5001,500.1,5,0,14,8,27
5002,500.2,5,0,13,8,26
5003,500.3,5,0,14,8,27
5004,500.4,5,0,15,8,28
5005,500.5,5,0,15,8,28
5006,500.6,5,0,15,8,28
5007,500.7,5,0,15,8,28
5008,500.8,5,0,17,7,29
5009,500.9,5,0,17,7,29
5010,501.0,5,0,17,7,29
5011,501.1,5,0,16,7,28
5012,501.2,5,0,17,6,28
5013,501.3,5,0,16,6,27
5014,501.4,5,0,16,6,27
5015,501.5,5,1,15,6,27
5016,501.6,5,1,15,6,27
5017,501.7,5,1,15,6,27
5018,501.8,5,1,15,6,27
5019,501.9,5,1,14,6,26
5020,502.0,5,1,13,5,24
5021,502.1,5,1,13,6,25
5022,502.2,5,1,13,6,25
5023,502.3,5,1,13,6,25
5024,502.4,5,1,14,6,26
5025,502.5,5,1,14,6,26
5026,502.6,5,1,14,6,26
5027,502.7,5,1,14,6,26
5028,502.8,5,1,14,6,26
5029,502.9,5,1,14,6,26
5030,503.0,5,1,14,6,26
5031,503.1,5,1,14,6,26
5032,503.2,5,1,13,6,25
5033,503.3,5,1,14,6,26
5034,503.4,5,1,14,6,26
5035,503.5,5,1,13,6,25
5036,503.6,5,1,13,6,25
5037,503.7,5,1,12,6,24
5038,503.8,5,1,12,6,24
5039,503.9,5,2,12,6,25
5040,504.0,5,2,12,6,25
5041,504.1,5,2,13,6,26
5042,504.2,5,2,12,6,25
5043,504.3,5,2,13,6,26
5044,504.4,5,2,12,6,25
5045,504.5,5,2,12,6,25
5046,504.6,5,2,12,6,25
5047,504.7,5,2,13,6,26
5048,504.8,6,2,13,6,27
5049,504.9,6,2,12,6,26
5050,505.0,6,2,12,6,26
5051,505.1,6,2,12,6,26
5052,505.2,6,2,13,6,27
5053,505.3,6,2,13,6,27
5054,505.4,6,2,13,7,28
5055,505.5,6,2,12,8,28
5056,505.6,6,2,12,8,28
5057,505.7,6,2,13,8,29
5058,505.8,6,2,13,8,29
5059,505.9,6,2,12,8,28
5060,506.0,6,2,12,8,28
5061,506.1,6,2,10,8,26
5062,506.2,6,2,11,8,27
5063,506.3,5,2,11,8,26
5064,506.4,6,2,11,8,27
5065,506.5,6,2,11,8,27
5066,506.6,5,2,12,7,26
5067,506.7,5,2,12,8,27
5068,506.8,5,2,12,8,27
5069,506.9,6,2,12,8,28
5070,507.0,5,2,12,8,27
5071,507.1,5,2,12,8,27
5072,507.2,5,2,12,8,27
5073,507.3,5,2,12,8,27
5074,507.4,6,2,12,8,28
5075,507.5,5,2,12,8,27
5076,507.6,6,2,12,8,28
5077,507.7,6,2,12,8,28
5078,507.8,5,2,10,7,24
5079,507.9,6,2,11,7,26
5080,508.0,6,2,10,7,25
5081,508.1,5,2,11,7,25
5082,508.2,6,2,11,7,26
5083,508.3,6,2,11,8,27
5084,508.4,6,2,11,7,26
5085,508.5,6,2,11,6,25
5086,508.6,6,2,11,6,25
5087,508.7,6,2,11,6,25
5088,508.8,6,2,10,6,24
5089,508.9,6,2,10,8,26
5090,509.0,6,2,10,8,26
5091,509.1,6,2,10,8,26
5092,509.2,6,2,10,8,26
5093,509.3,6,2,10,8,26
5094,509.4,6,2,10,8,26
5095,509.5,6,2,10,7,25
5096,509.6,6,2,10,7,25
5097,509.7,6,2,10,7,25
5098,509.8,6,2,10,8,26
5099,509.9,6,2,10,8,26
5100,510.0,6,2,10,9,27
5101,510.1,6,2,9,8,25
5102,510.2,6,2,9,7,24
5103,510.3,6,2,9,7,24
5104,510.4,6,2,9,7,24
5105,510.5,6,2,9,7,24
5106,510.6,6,2,9,7,24
5107,510.7,6,3,9,7,25
5108,510.8,6,3,8,7,24
5109,510.9,6,3,9,7,25
5110,511.0,6,3,9,7,25
5111,511.1,6,3,9,7,25
5112,511.2,6,3,9,7,25
5113,511.3,6,3,9,7,25
5114,511.4,6,3,9,6,24
5115,511.5,6,3,9,7,25
5116,511.6,6,3,9,7,25
5117,511.7,6,3,9,7,25
5118,511.8,6,3,9,7,25
5119,511.9,6,3,9,7,25
5120,512.0,6,3,9,7,25
5121,512.1,6,3,8,8,25
5122,512.2,6,3,8,8,25
5123,512.3,6,3,9,8,26
5124,512.4,6,3,9,8,26
5125,512.5,6,3,9,8,26
5126,512.6,6,3,9,8,26
5127,512.7,6,3,9,8,26
5128,512.8,6,3,9,8,26
5129,512.9,6,3,9,8,26
5130,513.0,6,3,9,8,26
5131,513.1,6,3,9,8,26
5132,513.2,6,3,10,9,28
5133,513.3,6,3,10,10,29
5134,513.4,6,3,10,10,29
5135,513.5,6,3,10,10,29
5136,513.6,6,3,10,10,29
5137,513.7,6,3,10,10,29
5138,513.8,6,3,10,9,28
5139,513.9,6,3,10,9,28
5140,514.0,6,3,9,9,27
5141,514.1,7,3,9,9,28
5142,514.2,7,3,9,9,28
5143,514.3,7,3,9,9,28
5144,514.4,7,3,9,9,28
5145,514.5,7,3,9,11,30
5146,514.6,7,3,9,10,29
5147,514.7,7,3,9,11,30
5148,514.8,7,3,10,11,31
5149,514.9,6,3,10,11,30
5150,515.0,6,3,10,11,30
5151,515.1,6,3,10,11,30
5152,515.2,6,3,10,11,30
5153,515.3,6,3,10,11,30
5154,515.4,6,3,10,10,29
5155,515.5,6,3,10,11,30
5156,515.6,6,3,10,11,30
5157,515.7,6,3,9,11,29
5158,515.8,6,3,9,10,28
5159,515.9,6,3,10,8,27
5160,516.0,6,3,10,8,27
5161,516.1,6,3,10,8,27
5162,516.2,6,3,10,7,26
5163,516.3,6,3,10,8,27
5164,516.4,6,3,9,9,27
5165,516.5,6,3,9,8,26
5166,516.6,6,3,9,8,26
5167,516.7,7,3,9,8,27
5168,516.8,7,3,9,8,27
5169,516.9,7,3,9,8,27
5170,517.0,7,3,9,8,27
5171,517.1,7,3,9,8,27
5172,517.2,7,3,9,8,27
5173,517.3,7,3,9,7,26
5174,517.4,7,3,9,7,26
5175,517.5,7,3,9,7,26
5176,517.6,7,3,9,7,26
5177,517.7,7,3,10,7,27
5178,517.8,6,3,9,7,25
5179,517.9,7,3,10,7,27
5180,518.0,7,3,10,7,27
5181,518.1,7,3,9,7,26
5182,518.2,7,3,9,7,26
5183,518.3,7,3,10,7,27
5184,518.4,7,3,9,6,25
5185,518.5,6,3,9,6,24
5186,518.6,7,3,9,6,25
5187,518.7,7,3,9,7,26
5188,518.8,7,3,9,7,26
5189,518.9,7,3,9,7,26
5190,519.0,7,3,9,7,26
5191,519.1,7,3,10,7,27
5192,519.2,7,3,9,7,26
5193,519.3,7,3,9,6,25
5194,519.4,7,3,9,6,25
5195,519.5,7,3,9,6,25
5196,519.6,7,3,10,6,26
5197,519.7,7,3,10,6,26
5198,519.8,7,3,9,6,25
5199,519.9,7,3,9,7,26
5200,520.0,7,3,9,7,26
5201,520.1,6,3,9,7,25
5202,520.2,6,3,9,8,26
5203,520.3,6,3,9,8,26
5204,520.4,6,3,9,8,26
5205,520.5,6,3,9,8,26
5206,520.6,6,3,9,8,26
5207,520.7,6,3,9,8,26
5208,520.8,6,3,9,8,26
5209,520.9,6,3,9,8,26
5210,521.0,6,3,9,8,26
5211,521.1,6,3,9,8,26
5212,521.2,6,3,9,8,26
5213,521.3,7,3,9,8,27
5214,521.4,7,3,9,7,26
5215,521.5,7,3,9,8,27
5216,521.6,7,3,9,8,27
5217,521.7,7,3,7,7,24
5218,521.8,7,3,8,7,25
5219,521.9,7,3,8,7,25
5220,522.0,7,3,9,7,26
5221,522.1,7,3,9,7,26
5222,522.2,7,3,9,6,25
5223,522.3,7,3,9,6,25
5224,522.4,7,4,9,6,26
5225,522.5,7,4,9,6,26
5226,522.6,7,4,9,6,26
5227,522.7,7,4,9,6,26
5228,522.8,7,4,9,6,26
5229,522.9,7,4,9,6,26
5230,523.0,7,4,9,5,25
5231,523.1,7,4,9,5,25
5232,523.2,7,4,9,5,25
5233,523.3,7,3,8,4,22
5234,523.4,7,4,8,4,23
5235,523.5,7,4,8,4,23
5236,523.6,7,4,9,4,24
5237,523.7,7,4,9,4,24
5238,523.8,7,4,10,4,25
5239,523.9,7,4,10,4,25
5240,524.0,7,4,10,4,25
5241,524.1,7,4,9,4,24
5242,524.2,7,4,9,4,24
5243,524.3,7,4,9,4,24
5244,524.4,7,4,8,4,23
5245,524.5,7,4,8,4,23
5246,524.6,7,4,9,4,24
5247,524.7,7,4,8,4,23
5248,524.8,7,4,8,3,22
5249,524.9,7,4,8,3,22
5250,525.0,7,4,9,3,23
5251,525.1,7,4,8,3,22
5252,525.2,7,4,8,3,22
5253,525.3,7,4,8,3,22
5254,525.4,7,4,7,4,22
5255,525.5,8,4,8,4,24
5256,525.6,8,4,8,4,24
5257,525.7,8,4,8,4,24
5258,525.8,8,4,8,4,24
5259,525.9,8,4,8,4,24
5260,526.0,8,4,8,4,24
5261,526.1,8,4,8,4,24
5262,526.2,8,4,8,4,24
5263,526.3,8,4,8,5,25
5264,526.4,8,4,8,5,25
5265,526.5,8,4,8,5,25
5266,526.6,8,4,8,5,25
5267,526.7,8,4,8,5,25
5268,526.8,8,4,8,6,26
5269,526.9,8,4,8,5,25
5270,527.0,8,4,8,5,25
5271,527.1,8,4,8,6,26
5272,527.2,8,4,8,6,26
5273,527.3,8,4,9,6,27
5274,527.4,8,4,9,6,27
5275,527.5,8,4,8,6,26
5276,527.6,8,4,9,6,27
5277,527.7,9,4,9,7,29
5278,527.8,9,4,9,7,29
5279,527.9,9,4,8,7,28
5280,528.0,9,4,9,6,28
5281,528.1,9,4,9,5,27
5282,528.2,9,4,9,5,27
5283,528.3,9,4,8,7,28
5284,528.4,9,4,8,7,28
5285,528.5,9,4,8,6,27
5286,528.6,9,4,9,7,29
5287,528.7,9,4,8,7,28
5288,528.8,9,4,8,7,28
5289,528.9,9,4,8,7,28
5290,529.0,9,4,7,7,27
5291,529.1,9,4,7,7,27
5292,529.2,9,4,9,7,29
5293,529.3,9,4,7,7,27
5294,529.4,9,4,8,7,28
5295,529.5,9,4,9,6,28
5296,529.6,9,4,10,7,30
5297,529.7,9,4,10,6,29
5298,529.8,9,4,10,6,29
5299,529.9,9,4,10,6,29
5300,530.0,9,4,10,5,28
5301,530.1,9,4,10,4,27
5302,530.2,9,4,10,4,27
5303,530.3,9,4,10,5,28
5304,530.4,9,4,9,5,27
5305,530.5,9,4,10,5,28
5306,530.6,9,4,10,5,28
5307,530.7,9,4,10,5,28
5308,530.8,9,4,9,5,27
5309,530.9,10,4,10,5,29
5310,531.0,10,4,10,5,29
5311,531.1,10,4,10,5,29
5312,531.2,10,4,9,5,28
5313,531.3,10,3,8,5,26
5314,531.4,10,3,8,5,26
5315,531.5,10,3,9,5,27
5316,531.6,10,3,8,5,26
5317,531.7,10,3,8,5,26
5318,531.8,10,3,9,5,27
5319,531.9,10,3,10,5,28
5320,532.0,10,3,10,5,28
5321,532.1,10,3,10,5,28
5322,532.2,10,3,10,5,28
5323,532.3,10,3,10,5,28
5324,532.4,10,3,10,5,28
5325,532.5,10,3,10,6,29
5326,532.6,10,3,10,6,29
5327,532.7,9,3,11,6,29
5328,532.8,9,3,11,6,29
5329,532.9,9,3,11,6,29
5330,533.0,9,3,10,5,27
5331,533.1,9,3,11,6,29
5332,533.2,9,3,11,7,30
5333,533.3,9,3,11,7,30
5334,533.4,9,3,11,7,30
5335,533.5,9,4,11,7,31
5336,533.6,9,3,11,7,30
5337,533.7,9,3,11,7,30
5338,533.8,9,3,11,6,29
5339,533.9,8,3,11,6,28
5340,534.0,8,3,11,6,28
5341,534.1,8,3,10,6,27
5342,534.2,8,3,11,6,28
5343,534.3,8,3,11,6,28
5344,534.4,8,3,11,6,28
5345,534.5,8,3,11,6,28
5346,534.6,8,3,11,7,29
5347,534.7,8,3,11,7,29
5348,534.8,8,3,11,7,29
5349,534.9,8,3,11,7,29
5350,535.0,9,3,11,7,30
5351,535.1,9,3,11,7,30
5352,535.2,9,3,11,7,30
5353,535.3,9,3,12,8,32
5354,535.4,9,3,12,7,31
5355,535.5,9,3,12,8,32
5356,535.6,9,3,12,8,32
5357,535.7,9,3,11,7,30
5358,535.8,9,3,11,7,30
5359,535.9,8,3,11,7,29
5360,536.0,8,3,12,6,29
5361,536.1,8,3,12,6,29
5362,536.2,8,4,12,7,31
5363,536.3,8,4,12,7,31
5364,536.4,8,4,12,8,32
5365,536.5,8,4,12,7,31
5366,536.6,8,4,12,8,32
5367,536.7,7,4,12,9,32
5368,536.8,8,4,12,8,32
5369,536.9,8,4,12,8,32
5370,537.0,8,4,13,7,32
5371,537.1,8,4,13,8,33
5372,537.2,8,4,13,9,34
5373,537.3,8,4,14,9,35
5374,537.4,8,4,12,8,32
5375,537.5,8,4,13,9,34
5376,537.6,8,4,12,8,32
5377,537.7,8,4,11,8,31
5378,537.8,8,4,12,8,32
5379,537.9,8,4,12,9,33
5380,538.0,8,4,11,8,31
5381,538.1,8,4,12,7,31
5382,538.2,8,4,12,7,31
5383,538.3,8,5,11,7,31
5384,538.4,8,5,12,8,33
5385,538.5,9,5,12,8,34
5386,538.6,9,5,12,8,34
5387,538.7,8,5,11,8,32
5388,538.8,8,5,10,8,31
5389,538.9,8,5,11,8,32
5390,539.0,8,4,10,8,30
5391,539.1,8,5,10,7,30
5392,539.2,8,5,11,7,31
5393,539.3,8,5,11,7,31
5394,539.4,8,5,11,7,31
5395,539.5,8,5,11,7,31
5396,539.6,8,5,12,6,31
5397,539.7,8,5,12,7,32
5398,539.8,8,5,11,7,31
5399,539.9,8,5,11,7,31
5400,540.0,8,5,11,7,31
5401,540.1,8,5,12,7,32
5402,540.2,8,6,11,7,32
5403,540.3,8,6,11,7,32
5404,540.4,9,6,11,7,33
5405,540.5,9,6,11,6,32
5406,540.6,10,6,10,7,33
5407,540.7,9,6,11,7,33
5408,540.8,9,6,11,6,32
5409,540.9,10,6,11,7,34
5410,541.0,10,6,11,6,33
5411,541.1,10,6,11,7,34
5412,541.2,10,6,11,7,34
5413,541.3,10,6,11,7,34
5414,541.4,10,5,12,7,34
5415,541.5,10,6,12,7,35
5416,541.6,10,6,11,7,34
5417,541.7,9,5,11,7,32
5418,541.8,9,6,9,7,31
5419,541.9,9,6,11,7,33
5420,542.0,10,6,11,7,34
5421,542.1,10,6,10,7,33
5422,542.2,10,6,10,7,33
5423,542.3,10,6,9,8,33
5424,542.4,10,6,10,8,34
5425,542.5,10,6,12,8,36
5426,542.6,10,6,11,8,35
5427,542.7,10,6,11,8,35
5428,542.8,10,6,11,8,35
5429,542.9,10,6,11,8,35
5430,543.0,10,6,12,8,36
5431,543.1,10,6,11,8,35
5432,543.2,10,6,11,8,35
5433,543.3,10,6,11,8,35
5434,543.4,10,6,11,8,35
5435,543.5,10,6,11,8,35
5436,543.6,10,6,9,7,32
5437,543.7,10,6,11,7,34
5438,543.8,10,6,11,8,35
5439,543.9,10,6,11,8,35
5440,544.0,10,6,11,8,35
5441,544.1,10,6,11,8,35
5442,544.2,10,6,11,8,35
5443,544.3,10,6,12,8,36
5444,544.4,10,5,12,8,35
5445,544.5,9,6,12,8,35
5446,544.6,9,6,12,8,35
5447,544.7,10,6,12,8,36
5448,544.8,10,6,12,8,36
5449,544.9,10,6,13,8,37
5450,545.0,10,6,13,8,37
5451,545.1,10,6,13,8,37
5452,545.2,10,6,13,8,37
5453,545.3,10,4,12,8,34
5454,545.4,10,5,12,8,35
5455,545.5,10,5,11,8,34
5456,545.6,10,5,11,8,34
5457,545.7,11,5,11,8,35
5458,545.8,11,5,11,8,35
5459,545.9,12,5,11,7,35
5460,546.0,12,5,10,7,34
5461,546.1,12,5,10,6,33
5462,546.2,12,5,10,6,33
5463,546.3,12,5,11,6,34
5464,546.4,12,5,10,6,33
5465,546.5,12,5,10,6,33
5466,546.6,12,5,11,6,34
5467,546.7,13,5,11,6,35
5468,546.8,13,5,11,6,35
5469,546.9,13,5,11,6,35
5470,547.0,13,5,11,6,35
5471,547.1,13,5,11,5,34
5472,547.2,13,5,10,5,33
5473,547.3,13,5,10,5,33
5474,547.4,13,4,10,4,31
5475,547.5,13,4,10,4,31
5476,547.6,13,4,9,4,30
5477,547.7,13,5,9,4,31
5478,547.8,12,5,9,4,30
5479,547.9,13,5,9,5,32
5480,548.0,13,5,9,4,31
5481,548.1,13,5,9,5,32
5482,548.2,13,5,9,4,31
5483,548.3,13,5,9,5,32
5484,548.4,13,5,9,5,32
5485,548.5,13,5,9,5,32
5486,548.6,13,5,9,5,32
5487,548.7,13,5,9,5,32
5488,548.8,13,5,9,5,32
5489,548.9,13,5,9,5,32
5490,549.0,13,5,9,5,32
5491,549.1,13,5,9,5,32
5492,549.2,13,5,9,5,32
5493,549.3,13,5,9,5,32
5494,549.4,13,5,9,4,31
5495,549.5,13,5,9,4,31
5496,549.6,13,6,9,5,33
5497,549.7,13,6,9,5,33
5498,549.8,13,6,9,5,33
5499,549.9,13,6,9,5,33
5500,550.0,12,6,9,5,32
5501,550.1,12,6,9,5,32
5502,550.2,12,6,9,5,32
5503,550.3,12,7,9,5,33
5504,550.4,12,7,9,5,33
5505,550.5,12,6,9,5,32
5506,550.6,12,6,9,5,32
5507,550.7,12,6,9,5,32
5508,550.8,12,6,9,5,32
5509,550.9,12,6,9,5,32
5510,551.0,12,6,9,4,31
5511,551.1,12,6,9,4,31
5512,551.2,12,6,9,4,31
5513,551.3,12,6,8,5,31
5514,551.4,12,6,8,5,31
5515,551.5,12,6,9,5,32
5516,551.6,12,6,8,5,31
5517,551.7,12,6,9,4,31
5518,551.8,12,6,9,4,31
5519,551.9,12,6,9,5,32
5520,552.0,12,6,9,4,31
5521,552.1,11,6,9,4,30
5522,552.2,11,6,9,4,30
5523,552.3,11,6,9,4,30
5524,552.4,11,6,9,4,30
5525,552.5,12,6,9,4,31
5526,552.6,12,6,9,4,31
5527,552.7,12,6,9,4,31
5528,552.8,12,6,9,4,31
5529,552.9,12,6,9,4,31
5530,553.0,12,6,9,4,31
5531,553.1,12,6,9,4,31
5532,553.2,12,6,9,4,31
5533,553.3,12,5,9,4,30
5534,553.4,12,5,9,4,30
5535,553.5,12,5,9,4,30
5536,553.6,12,5,9,4,30
5537,553.7,12,5,9,4,30
5538,553.8,12,5,9,4,30
5539,553.9,12,5,9,4,30
5540,554.0,12,5,8,4,29
5541,554.1,12,5,8,4,29
5542,554.2,12,6,9,4,31
5543,554.3,12,6,9,4,31
5544,554.4,12,6,8,4,30
5545,554.5,12,6,8,5,31
5546,554.6,12,6,8,5,31
5547,554.7,12,6,10,6,34
5548,554.8,12,6,9,5,32
5549,554.9,12,6,8,6,32
5550,555.0,12,6,8,6,32
5551,555.1,12,6,9,6,33
5552,555.2,13,6,9,6,34
5553,555.3,13,6,9,5,33
5554,555.4,13,7,9,5,34
5555,555.5,13,7,10,6,36
5556,555.6,13,7,10,6,36
5557,555.7,13,7,10,6,36
5558,555.8,13,7,10,6,36
5559,555.9,13,7,10,6,36
5560,556.0,13,7,10,6,36
5561,556.1,12,7,11,5,35
5562,556.2,13,7,11,5,36
5563,556.3,13,7,10,6,36
5564,556.4,13,7,11,5,36
5565,556.5,13,7,11,5,36
5566,556.6,13,7,10,5,35
5567,556.7,13,7,11,5,36
5568,556.8,13,7,9,4,33
5569,556.9,13,7,10,5,35
5570,557.0,13,7,10,5,35
5571,557.1,13,7,10,5,35
5572,557.2,13,7,10,5,35
5573,557.3,13,7,9,5,34
5574,557.4,13,7,9,5,34
5575,557.5,13,6,10,5,34
5576,557.6,13,5,10,5,33
5577,557.7,13,5,10,5,33
5578,557.8,13,5,10,6,34
5579,557.9,13,5,10,6,34
5580,558.0,13,6,10,6,35
5581,558.1,13,6,10,5,34
5582,558.2,13,6,10,4,33
5583,558.3,13,5,10,5,33
5584,558.4,13,5,10,6,34
5585,558.5,12,5,9,6,32
5586,558.6,11,4,10,6,31
5587,558.7,11,4,10,6,31
5588,558.8,11,4,10,7,32
5589,558.9,11,3,10,7,31
5590,559.0,12,3,10,7,32
5591,559.1,12,3,10,7,32
5592,559.2,12,3,10,7,32
5593,559.3,11,3,10,7,31
5594,559.4,10,3,10,7,30
5595,559.5,10,3,10,7,30
5596,559.6,10,3,10,7,30
5597,559.7,10,3,10,7,30
5598,559.8,10,3,10,7,30
5599,559.9,10,3,10,7,30
5600,560.0,10,3,10,7,30
5601,560.1,9,3,10,7,29
5602,560.2,9,3,10,7,29
5603,560.3,9,3,10,7,29
5604,560.4,9,3,10,7,29
5605,560.5,9,3,10,6,28
5606,560.6,9,3,10,6,28
5607,560.7,9,3,10,6,28
5608,560.8,9,3,10,6,28
5609,560.9,9,3,10,7,29
5610,561.0,9,3,10,7,29
5611,561.1,9,2,10,7,28
5612,561.2,9,2,10,6,27
5613,561.3,9,2,10,7,28
5614,561.4,9,2,10,7,28
5615,561.5,9,2,10,6,27
5616,561.6,9,2,9,7,27
5617,561.7,8,2,9,6,25
5618,561.8,8,2,9,7,26
5619,561.9,8,2,10,6,26
5620,562.0,9,2,10,6,27
5621,562.1,9,3,10,6,28
5622,562.2,8,3,10,7,28
5623,562.3,8,3,9,7,27
5624,562.4,7,3,9,7,26
5625,562.5,7,3,9,7,26
5626,562.6,7,3,10,7,27
5627,562.7,6,3,10,7,26
5628,562.8,6,3,10,7,26
5629,562.9,6,3,10,7,26
5630,563.0,6,3,10,7,26
5631,563.1,6,3,10,7,26
5632,563.2,6,3,10,7,26
5633,563.3,6,3,10,7,26
5634,563.4,6,3,10,7,26
5635,563.5,6,3,10,8,27
5636,563.6,6,3,10,8,27
5637,563.7,6,2,10,7,25
5638,563.8,6,2,10,8,26
5639,563.9,6,2,10,8,26
5640,564.0,6,2,10,8,26
5641,564.1,7,2,9,8,26
5642,564.2,7,2,10,8,27
5643,564.3,7,2,10,8,27
5644,564.4,7,2,10,8,27
5645,564.5,7,2,10,8,27
5646,564.6,7,2,10,8,27
5647,564.7,7,2,10,8,27
5648,564.8,7,2,10,8,27
5649,564.9,7,2,10,8,27
5650,565.0,6,2,10,8,26
5651,565.1,6,2,10,8,26
5652,565.2,6,2,10,8,26
5653,565.3,6,2,10,8,26
5654,565.4,6,2,10,8,26
5655,565.5,6,2,10,8,26
5656,565.6,6,1,9,9,25
5657,565.7,6,1,9,9,25
5658,565.8,6,1,9,9,25
5659,565.9,6,1,8,8,23
5660,566.0,6,1,9,8,24
5661,566.1,6,1,9,8,24
5662,566.2,6,1,9,8,24
5663,566.3,6,1,9,8,24
5664,566.4,6,1,9,8,24
5665,566.5,6,1,8,9,24
5666,566.6,6,1,9,8,24
5667,566.7,6,1,9,9,25
5668,566.8,6,1,9,9,25
5669,566.9,6,1,9,9,25
5670,567.0,6,1,9,9,25
5671,567.1,5,1,8,9,23
5672,567.2,5,1,9,9,24
5673,567.3,5,1,9,9,24
5674,567.4,5,1,8,9,23
5675,567.5,5,1,9,9,24
5676,567.6,5,1,8,9,23
5677,567.7,5,1,9,9,24
5678,567.8,5,1,9,9,24
5679,567.9,5,1,9,9,24
5680,568.0,5,2,9,9,25
5681,568.1,5,2,9,10,26
5682,568.2,5,2,8,10,25
5683,568.3,5,2,8,10,25
5684,568.4,5,2,8,10,25
5685,568.5,5,2,8,10,25
5686,568.6,5,3,8,10,26
5687,568.7,5,3,8,10,26
5688,568.8,5,3,8,9,25
5689,568.9,5,3,9,8,25
5690,569.0,5,3,9,9,26
5691,569.1,5,3,9,9,26
5692,569.2,5,3,9,9,26
5693,569.3,5,3,9,8,25
5694,569.4,5,2,8,8,23
5695,569.5,5,2,9,7,23
5696,569.6,5,2,9,7,23
5697,569.7,5,2,9,8,24
5698,569.8,5,2,9,8,24
5699,569.9,5,2,8,8,23
5700,570.0,5,2,8,8,23
5701,570.1,5,2,9,8,24
5702,570.2,5,2,8,7,22
5703,570.3,4,2,10,7,23
5704,570.4,4,2,10,8,24
5705,570.5,4,2,10,7,23
5706,570.6,4,3,10,7,24
5707,570.7,4,3,10,8,25
5708,570.8,4,4,10,8,26
5709,570.9,4,4,10,8,26
5710,571.0,4,3,10,8,25
5711,571.1,4,4,10,9,27
5712,571.2,4,4,10,9,27
5713,571.3,4,4,10,8,26
5714,571.4,4,4,9,8,25
5715,571.5,4,4,10,9,27
5716,571.6,4,4,9,8,25
5717,571.7,4,4,9,8,25
5718,571.8,4,4,9,8,25
5719,571.9,4,4,9,8,25
5720,572.0,4,4,9,8,25
5721,572.1,4,4,9,8,25
5722,572.2,4,4,9,8,25
5723,572.3,4,4,9,8,25
5724,572.4,4,4,9,8,25
5725,572.5,4,4,9,8,25
5726,572.6,4,4,9,8,25
5727,572.7,4,4,9,8,25
5728,572.8,4,4,9,8,25
5729,572.9,4,4,9,8,25
5730,573.0,4,3,9,8,24
5731,573.1,4,3,9,8,24
5732,573.2,4,3,9,8,24
5733,573.3,4,2,9,8,23
5734,573.4,4,2,9,8,23
5735,573.5,4,2,9,8,23
5736,573.6,4,2,9,9,24
5737,573.7,4,2,9,9,24
5738,573.8,4,2,9,9,24
5739,573.9,4,2,9,9,24
5740,574.0,4,2,9,9,24
5741,574.1,4,2,9,9,24
5742,574.2,4,2,9,9,24
5743,574.3,4,2,9,9,24
5744,574.4,4,2,9,9,24
5745,574.5,4,3,9,9,25
5746,574.6,4,3,9,9,25
5747,574.7,4,3,9,9,25
5748,574.8,4,3,9,10,26
5749,574.9,4,3,10,10,27
5750,575.0,4,4,10,10,28
5751,575.1,4,4,9,10,27
5752,575.2,4,4,10,10,28
5753,575.3,4,4,10,10,28
5754,575.4,4,4,10,10,28
5755,575.5,4,4,10,10,28
5756,575.6,4,4,10,10,28
5757,575.7,3,4,10,10,27
5758,575.8,4,4,10,10,28
5759,575.9,4,4,10,10,28
5760,576.0,4,4,10,9,27
5761,576.1,4,5,9,9,27
5762,576.2,4,5,10,9,28
5763,576.3,4,5,10,9,28
5764,576.4,4,5,10,9,28
5765,576.5,4,6,10,9,29
5766,576.6,4,6,10,9,29
5767,576.7,4,6,10,9,29
5768,576.8,4,6,9,9,28
5769,576.9,4,6,9,8,27
5770,577.0,4,6,9,8,27
5771,577.1,4,6,10,8,28
5772,577.2,4,6,11,8,29
5773,577.3,4,6,10,8,28
5774,577.4,4,6,11,8,29
5775,577.5,4,6,10,8,28
5776,577.6,4,6,10,8,28
5777,577.7,4,6,10,8,28
5778,577.8,4,6,10,8,28
5779,577.9,5,6,10,8,29
5780,578.0,5,5,10,8,28
5781,578.1,5,6,10,8,29
5782,578.2,5,6,10,8,29
5783,578.3,5,6,10,8,29
5784,578.4,5,7,11,8,31
5785,578.5,5,7,10,8,30
5786,578.6,5,6,11,8,30
5787,578.7,5,6,11,8,30
5788,578.8,5,5,11,8,29
5789,578.9,5,4,11,8,28
5790,579.0,5,4,11,8,28
5791,579.1,5,4,11,8,28
5792,579.2,5,4,10,8,27
5793,579.3,5,4,10,8,27
5794,579.4,5,4,10,8,27
5795,579.5,5,4,10,9,28
5796,579.6,5,4,10,9,28
5797,579.7,5,3,11,9,28
5798,579.8,5,3,11,9,28
5799,579.9,5,3,11,8,27
5800,580.0,5,3,11,9,28
5801,580.1,5,3,11,9,28
5802,580.2,5,3,11,9,28
5803,580.3,5,3,11,9,28
5804,580.4,5,3,11,9,28
5805,580.5,5,3,11,9,28
5806,580.6,5,3,11,9,28
5807,580.7,5,3,11,9,28
5808,580.8,5,3,11,9,28
5809,580.9,5,3,12,10,30
5810,581.0,5,3,12,10,30
5811,581.1,5,3,12,9,29
5812,581.2,5,3,12,10,30
5813,581.3,5,3,12,10,30
5814,581.4,5,3,12,10,30
5815,581.5,5,3,12,10,30
5816,581.6,5,2,12,10,29
5817,581.7,5,2,12,10,29
5818,581.8,5,2,12,10,29
5819,581.9,5,2,12,10,29
5820,582.0,5,2,12,10,29
5821,582.1,5,2,12,10,29
5822,582.2,5,2,12,10,29
5823,582.3,5,2,12,10,29
5824,582.4,5,1,12,10,28
5825,582.5,5,1,12,10,28
5826,582.6,5,1,12,10,28
5827,582.7,5,1,12,10,28
5828,582.8,5,1,12,10,28
5829,582.9,4,1,12,10,27
5830,583.0,4,1,12,10,27
5831,583.1,4,1,12,10,27
5832,583.2,4,1,12,10,27
5833,583.3,4,1,12,10,27
5834,583.4,4,1,12,10,27
5835,583.5,4,1,12,10,27
5836,583.6,4,1,12,10,27
5837,583.7,4,1,12,10,27
5838,583.8,4,1,11,10,26
5839,583.9,4,1,12,10,27
5840,584.0,4,1,12,10,27
5841,584.1,4,1,12,10,27
5842,584.2,4,1,12,10,27
5843,584.3,4,1,12,10,27
5844,584.4,4,1,12,10,27
5845,584.5,4,1,12,10,27
5846,584.6,4,1,12,10,27
5847,584.7,4,1,12,10,27
5848,584.8,4,1,12,10,27
5849,584.9,4,1,12,10,27
5850,585.0,4,2,12,10,28
5851,585.1,4,2,12,10,28
5852,585.2,4,2,12,10,28
5853,585.3,4,2,12,10,28
5854,585.4,4,2,12,10,28
5855,585.5,4,2,12,11,29
5856,585.6,4,2,12,11,29
5857,585.7,4,2,12,11,29
5858,585.8,4,1,12,11,28
5859,585.9,4,1,12,11,28
5860,586.0,4,1,12,11,28
5861,586.1,4,1,13,11,29
5862,586.2,4,1,13,12,30
5863,586.3,4,1,13,12,30
5864,586.4,4,2,13,12,31
5865,586.5,4,2,13,12,31
5866,586.6,4,1,13,12,30
5867,586.7,4,2,13,12,31
5868,586.8,4,2,13,12,31
5869,586.9,4,2,14,11,31
5870,587.0,4,2,14,12,32
5871,587.1,4,2,14,13,33
5872,587.2,4,2,12,13,31
5873,587.3,4,2,14,13,33
5874,587.4,4,1,14,11,30
5875,587.5,4,1,14,11,30
5876,587.6,4,1,14,11,30
5877,587.7,4,1,14,12,31
5878,587.8,4,1,14,12,31
5879,587.9,4,1,14,12,31
5880,588.0,4,1,14,12,31
5881,588.1,4,1,14,12,31
5882,588.2,4,1,14,12,31
5883,588.3,4,2,14,12,32
5884,588.4,4,1,14,12,31
5885,588.5,4,2,14,11,31
5886,588.6,4,2,14,11,31
5887,588.7,4,2,14,11,31
5888,588.8,4,2,14,11,31
5889,588.9,4,2,14,11,31
5890,589.0,4,2,14,10,30
5891,589.1,4,2,14,10,30
5892,589.2,4,2,14,10,30
5893,589.3,5,2,14,10,31
5894,589.4,5,2,14,10,31
5895,589.5,5,1,14,10,30
5896,589.6,5,2,14,10,31
5897,589.7,5,1,14,10,30
5898,589.8,5,2,15,10,32
5899,589.9,5,1,15,10,31
5900,590.0,5,1,15,10,31
5901,590.1,5,1,15,11,32
5902,590.2,5,1,14,11,31
5903,590.3,5,1,14,11,31
5904,590.4,5,1,15,11,32
5905,590.5,5,1,15,11,32
5906,590.6,5,1,16,11,33
5907,590.7,5,1,16,11,33
5908,590.8,5,1,16,11,33
5909,590.9,5,1,15,11,32
5910,591.0,5,1,16,11,33
5911,591.1,5,1,15,11,32
5912,591.2,5,1,16,11,33
5913,591.3,5,1,16,11,33
5914,591.4,5,1,16,11,33
5915,591.5,5,1,16,11,33
5916,591.6,5,1,16,11,33
5917,591.7,5,1,16,11,33
5918,591.8,5,1,16,10,32
5919,591.9,5,1,18,9,33
5920,592.0,5,1,18,9,33
5921,592.1,5,1,18,10,34
5922,592.2,5,1,18,10,34
5923,592.3,5,2,18,10,35
5924,592.4,5,2,17,9,33
5925,592.5,5,2,18,9,34
5926,592.6,5,2,18,9,34
5927,592.7,5,2,17,9,33
5928,592.8,5,2,17,8,32
5929,592.9,5,2,17,7,31
5930,593.0,5,2,17,8,32
5931,593.1,5,2,17,8,32
5932,593.2,5,2,17,9,33
5933,593.3,5,2,17,9,33
5934,593.4,5,2,17,9,33
5935,593.5,5,2,17,9,33
5936,593.6,5,2,17,8,32
5937,593.7,5,2,17,9,33
5938,593.8,5,2,17,8,32
5939,593.9,4,2,18,8,32
5940,594.0,5,2,17,8,32
5941,594.1,5,2,16,9,32
5942,594.2,5,2,16,9,32
5943,594.3,5,2,16,8,31
5944,594.4,4,2,15,8,29
5945,594.5,5,2,14,7,28
5946,594.6,5,2,14,7,28
5947,594.7,5,2,14,7,28
5948,594.8,5,2,14,6,27
5949,594.9,5,2,12,8,27
5950,595.0,5,2,13,7,27
5951,595.1,5,2,12,8,27
5952,595.2,5,2,12,8,27
5953,595.3,5,2,12,8,27
5954,595.4,5,2,11,8,26
5955,595.5,5,2,11,8,26
5956,595.6,5,2,11,8,26
5957,595.7,6,2,11,6,25
5958,595.8,6,2,11,7,26
5959,595.9,6,2,11,7,26
5960,596.0,6,3,11,7,27
5961,596.1,6,3,11,7,27
5962,596.2,6,3,11,6,26
5963,596.3,6,3,11,7,27
5964,596.4,6,3,12,7,28
5965,596.5,6,3,11,6,26
5966,596.6,6,3,9,7,25
5967,596.7,6,3,9,7,25
5968,596.8,6,3,9,7,25
5969,596.9,6,3,9,7,25
5970,597.0,6,3,9,7,25
5971,597.1,6,3,9,7,25
5972,597.2,6,3,10,6,25
5973,597.3,6,3,10,7,26
5974,597.4,6,3,10,7,26
5975,597.5,6,3,9,7,25
5976,597.6,6,3,11,7,27
5977,597.7,7,3,10,7,27
5978,597.8,7,3,10,7,27
5979,597.9,7,3,11,8,29
5980,598.0,7,3,11,8,29
5981,598.1,7,3,12,8,30
5982,598.2,7,3,12,8,30
5983,598.3,7,3,11,8,29
5984,598.4,7,3,12,8,30
5985,598.5,7,3,12,8,30
5986,598.6,7,3,12,7,29
5987,598.7,7,3,12,7,29
5988,598.8,7,3,11,7,28
5989,598.9,7,3,13,7,30
5990,599.0,7,3,13,7,30
5991,599.1,7,3,12,7,29
5992,599.2,7,3,13,7,30
5993,599.3,7,3,13,7,30
5994,599.4,7,3,13,8,31
5995,599.5,7,3,13,8,31
5996,599.6,7,4,13,8,32
5997,599.7,7,4,14,8,33
5998,599.8,6,4,12,6,28
5999,599.9,6,4,13,6,29
6000,600.0,6,4,13,6,29
6001,600.1,6,4,11,7,28
6002,600.2,6,4,12,7,29
6003,600.3,6,4,12,7,29
6004,600.4,6,4,12,8,30
6005,600.5,6,4,11,8,29
6006,600.6,6,4,12,8,30
6007,600.7,6,4,12,7,29
6008,600.8,6,4,12,8,30
6009,600.9,6,4,11,8,29
6010,601.0,6,4,12,7,29
6011,601.1,6,4,12,7,29
6012,601.2,6,4,12,7,29
6013,601.3,6,4,12,7,29
6014,601.4,6,4,12,7,29
6015,601.5,6,4,12,7,29
6016,601.6,6,4,12,7,29
6017,601.7,6,4,12,7,29
6018,601.8,6,4,12,7,29
6019,601.9,6,4,12,7,29
6020,602.0,6,4,12,7,29
6021,602.1,6,4,12,7,29
6022,602.2,6,4,12,6,28
6023,602.3,6,4,12,8,30
6024,602.4,7,4,11,8,30
6025,602.5,7,4,11,8,30
6026,602.6,7,4,10,8,29
6027,602.7,7,4,10,8,29
6028,602.8,7,4,10,7,28
6029,602.9,7,4,10,6,27
6030,603.0,7,4,10,6,27
6031,603.1,7,4,10,6,27
6032,603.2,7,4,10,6,27
6033,603.3,7,4,10,6,27
6034,603.4,7,4,10,7,28
6035,603.5,7,4,10,7,28
6036,603.6,7,4,10,7,28
6037,603.7,7,4,10,7,28
6038,603.8,7,4,10,7,28
6039,603.9,7,4,10,6,27
6040,604.0,7,4,10,6,27
6041,604.1,7,4,10,5,26
6042,604.2,7,4,10,5,26
6043,604.3,7,4,10,5,26
6044,604.4,7,4,10,5,26
6045,604.5,7,4,10,4,25
6046,604.6,7,4,10,4,25
6047,604.7,8,4,10,3,25
6048,604.8,7,4,10,3,24
6049,604.9,8,4,10,3,25
6050,605.0,7,4,10,3,24
6051,605.1,7,4,10,3,24
6052,605.2,7,4,10,4,25
6053,605.3,8,4,10,4,26
6054,605.4,8,4,11,5,28
6055,605.5,8,4,11,5,28
6056,605.6,8,4,11,4,27
6057,605.7,8,4,11,4,27
6058,605.8,8,4,11,3,26
6059,605.9,8,4,11,5,28
6060,606.0,8,4,11,5,28
6061,606.1,8,4,11,4,27
6062,606.2,8,4,11,4,27
6063,606.3,8,4,11,4,27
6064,606.4,8,4,11,4,27
6065,606.5,7,4,11,4,26
6066,606.6,8,4,10,4,26
6067,606.7,6,4,10,4,24
6068,606.8,6,4,11,4,25
6069,606.9,6,4,11,4,25
6070,607.0,6,4,11,4,25
6071,607.1,6,4,11,4,25
6072,607.2,6,4,11,4,25
6073,607.3,6,4,11,4,25
6074,607.4,6,4,11,4,25
6075,607.5,6,4,11,4,25
6076,607.6,6,4,11,4,25
6077,607.7,7,4,11,4,26
6078,607.8,7,4,11,4,26
6079,607.9,7,4,11,3,25
6080,608.0,7,4,11,3,25
6081,608.1,6,4,12,4,26
6082,608.2,6,4,12,4,26
6083,608.3,6,4,12,4,26
6084,608.4,5,4,12,4,25
6085,608.5,5,4,12,4,25
6086,608.6,5,4,12,3,24
6087,608.7,5,4,12,3,24
6088,608.8,5,4,12,3,24
6089,608.9,6,4,12,3,25
6090,609.0,6,4,12,3,25
6091,609.1,5,4,12,3,24
6092,609.2,5,4,12,3,24
6093,609.3,5,4,12,3,24
6094,609.4,5,4,12,3,24
6095,609.5,5,4,12,3,24
6096,609.6,5,4,12,2,23
6097,609.7,5,4,12,2,23
6098,609.8,5,4,12,3,24
6099,609.9,5,4,13,2,24
6100,610.0,5,4,13,1,23
6101,610.1,5,4,13,1,23
6102,610.2,5,4,13,0,22
6103,610.3,5,4,13,0,22
6104,610.4,5,4,13,0,22
6105,610.5,5,4,13,0,22
6106,610.6,5,4,13,0,22
6107,610.7,5,4,14,0,23
6108,610.8,5,4,14,0,23
6109,610.9,5,4,14,0,23
6110,611.0,5,4,14,0,23
6111,611.1,5,4,14,0,23
6112,611.2,5,4,14,0,23
6113,611.3,5,4,14,2,25
6114,611.4,5,4,13,1,23
6115,611.5,5,4,13,2,24
6116,611.6,5,4,13,1,23
6117,611.7,5,4,13,1,23
6118,611.8,5,4,13,1,23
6119,611.9,5,4,13,1,23
6120,612.0,5,5,13,1,24
6121,612.1,5,5,13,1,24
6122,612.2,5,5,13,1,24
6123,612.3,5,5,13,1,24
6124,612.4,5,5,13,1,24
6125,612.5,5,5,12,1,23
6126,612.6,6,5,12,1,24
6127,612.7,6,6,12,1,25
6128,612.8,6,5,12,1,24
6129,612.9,6,5,12,1,24
6130,613.0,6,5,12,1,24
6131,613.1,6,5,12,1,24
6132,613.2,6,5,12,1,24
6133,613.3,6,6,13,1,26
6134,613.4,6,6,13,1,26
6135,613.5,7,6,13,2,28
6136,613.6,6,6,13,2,27
6137,613.7,7,6,13,2,28
6138,613.8,6,6,13,2,27
6139,613.9,7,6,13,2,28
6140,614.0,7,6,13,2,28
6141,614.1,7,6,12,2,27
6142,614.2,7,6,12,2,27
6143,614.3,7,6,12,2,27
6144,614.4,7,6,12,2,27
6145,614.5,7,6,12,2,27
6146,614.6,6,6,13,2,27
6147,614.7,6,6,13,2,27
6148,614.8,6,6,13,2,27
6149,614.9,7,6,12,2,27
6150,615.0,6,6,13,2,27
6151,615.1,8,6,13,2,29
6152,615.2,8,6,13,2,29
6153,615.3,8,6,12,2,28
6154,615.4,8,6,12,2,28
6155,615.5,8,6,12,2,28
6156,615.6,9,6,12,2,29
6157,615.7,9,6,12,2,29
6158,615.8,9,6,11,3,29
6159,615.9,9,6,11,3,29
6160,616.0,9,6,11,3,29
6161,616.1,10,6,11,3,30
6162,616.2,10,6,11,3,30
6163,616.3,10,6,11,3,30
6164,616.4,10,6,11,4,31
6165,616.5,10,6,11,3,30
6166,616.6,10,6,11,3,30
6167,616.7,10,6,11,3,30
6168,616.8,10,6,11,3,30
6169,616.9,10,6,11,3,30
6170,617.0,10,6,11,3,30
6171,617.1,10,7,11,3,31
6172,617.2,10,7,11,2,30
6173,617.3,10,7,11,3,31
6174,617.4,10,7,11,2,30
6175,617.5,10,7,10,2,29
6176,617.6,10,7,10,3,30
6177,617.7,10,7,9,3,29
6178,617.8,10,7,9,3,29
6179,617.9,10,7,9,3,29
6180,618.0,10,7,9,2,28
6181,618.1,10,7,9,2,28
6182,618.2,10,7,9,2,28
6183,618.3,10,6,8,4,28
6184,618.4,10,6,8,5,29
6185,618.5,10,6,8,5,29
6186,618.6,10,6,9,5,30
6187,618.7,10,6,9,5,30
6188,618.8,10,6,8,4,28
6189,618.9,10,5,8,3,26
6190,619.0,9,5,7,4,25
6191,619.1,9,5,7,4,25
6192,619.2,10,5,8,3,26
6193,619.3,10,5,8,3,26
6194,619.4,10,5,7,4,26
6195,619.5,9,5,7,3,24
6196,619.6,9,5,7,3,24
6197,619.7,9,5,8,4,26
6198,619.8,10,5,7,4,26
6199,619.9,10,5,7,4,26
6200,620.0,10,5,7,5,27
6201,620.1,10,5,6,5,26
6202,620.2,10,5,6,4,25
6203,620.3,10,5,6,5,26
6204,620.4,10,5,7,5,27
6205,620.5,10,5,9,4,28
6206,620.6,10,5,8,4,27
6207,620.7,10,5,8,4,27
6208,620.8,11,5,8,4,28
6209,620.9,11,5,8,3,27
6210,621.0,11,5,8,3,27
6211,621.1,11,5,8,3,27
6212,621.2,11,5,8,3,27
6213,621.3,11,5,8,3,27
6214,621.4,11,5,8,3,27
6215,621.5,11,5,8,3,27
6216,621.6,11,5,8,3,27
6217,621.7,10,5,8,3,26
6218,621.8,10,5,7,3,25
6219,621.9,10,5,9,3,27
6220,622.0,10,5,8,3,26
6221,622.1,10,5,8,4,27
6222,622.2,10,5,8,4,27
6223,622.3,10,5,8,4,27
6224,622.4,10,5,7,4,26
6225,622.5,10,5,7,4,26
6226,622.6,12,5,7,4,28
6227,622.7,12,5,7,4,28
6228,622.8,12,5,7,4,28
6229,622.9,11,5,7,4,27
6230,623.0,11,5,7,4,27
6231,623.1,11,5,7,4,27
6232,623.2,12,5,8,4,29
6233,623.3,12,5,8,3,28
6234,623.4,12,5,8,3,28
6235,623.5,12,5,8,3,28
6236,623.6,12,4,8,3,27
6237,623.7,12,5,8,3,28
6238,623.8,11,5,8,3,27
6239,623.9,11,5,8,3,27
6240,624.0,11,5,8,3,27
6241,624.1,11,5,8,3,27
6242,624.2,10,5,8,3,26
6243,624.3,10,5,8,3,26
6244,624.4,11,5,8,3,27
6245,624.5,11,5,8,3,27
6246,624.6,11,5,8,3,27
6247,624.7,10,5,8,3,26
6248,624.8,10,5,8,3,26
6249,624.9,10,5,9,3,27
6250,625.0,10,4,9,3,26
6251,625.1,10,4,9,3,26
6252,625.2,9,4,8,3,24
6253,625.3,10,4,8,3,25
6254,625.4,10,3,8,3,24
6255,625.5,10,3,9,3,25
6256,625.6,10,3,9,3,25
6257,625.7,10,3,9,3,25
6258,625.8,10,4,8,3,25
6259,625.9,10,5,8,3,26
6260,626.0,10,5,8,3,26
6261,626.1,10,5,8,2,25
6262,626.2,10,5,8,2,25
6263,626.3,10,5,9,2,26
6264,626.4,9,5,9,2,25
6265,626.5,9,5,9,2,25
6266,626.6,9,5,9,2,25
6267,626.7,8,4,9,4,25
6268,626.8,8,4,9,4,25
6269,626.9,9,4,9,5,27
6270,627.0,9,4,9,5,27
6271,627.1,9,4,9,5,27
6272,627.2,9,4,9,5,27
6273,627.3,9,4,9,4,26
6274,627.4,9,5,9,4,27
6275,627.5,9,5,9,4,27
6276,627.6,8,6,9,4,27
6277,627.7,8,6,9,5,28
6278,627.8,8,6,9,5,28
6279,627.9,8,6,9,4,27
6280,628.0,8,6,9,4,27
6281,628.1,8,6,9,5,28
6282,628.2,8,6,9,5,28
6283,628.3,8,6,9,4,27
6284,628.4,8,6,9,5,28
6285,628.5,8,5,9,5,27
6286,628.6,8,5,9,5,27
6287,628.7,8,5,9,5,27
6288,628.8,8,5,9,5,27
6289,628.9,8,5,9,5,27
6290,629.0,8,5,9,5,27
6291,629.1,7,5,9,5,26
6292,629.2,7,5,9,4,25
6293,629.3,7,5,9,4,25
6294,629.4,7,5,9,5,26
6295,629.5,7,5,9,5,26
6296,629.6,7,4,9,5,25
6297,629.7,7,4,9,5,25
6298,629.8,7,4,9,5,25
6299,629.9,8,4,9,4,25
6300,630.0,7,4,10,4,25
6301,630.1,7,4,10,5,26
6302,630.2,7,4,11,3,25
6303,630.3,7,4,11,3,25
6304,630.4,7,4,11,3,25
6305,630.5,6,4,11,3,24
6306,630.6,6,4,10,3,23
6307,630.7,7,4,11,4,26
6308,630.8,6,3,10,4,23
6309,630.9,6,3,11,4,24
6310,631.0,6,3,11,4,24
6311,631.1,6,3,11,4,24
6312,631.2,6,3,11,4,24
6313,631.3,7,3,12,3,25
6314,631.4,7,3,12,4,26
6315,631.5,7,3,12,4,26
6316,631.6,7,3,13,3,26
6317,631.7,7,3,13,3,26
6318,631.8,7,3,13,3,26
6319,631.9,7,3,13,3,26
6320,632.0,7,3,13,3,26
6321,632.1,7,3,13,3,26
6322,632.2,7,3,14,3,27
6323,632.3,7,3,13,3,26
6324,632.4,8,3,14,3,28
6325,632.5,8,3,13,4,28
6326,632.6,8,3,14,3,28
6327,632.7,8,3,13,4,28
6328,632.8,8,3,13,4,28
6329,632.9,8,3,13,4,28
6330,633.0,8,3,13,5,29
6331,633.1,8,3,13,5,29
6332,633.2,8,3,13,5,29
6333,633.3,8,3,13,5,29
6334,633.4,8,3,13,5,29
6335,633.5,8,3,13,5,29
6336,633.6,8,3,13,4,28
6337,633.7,8,3,13,4,28
6338,633.8,8,3,13,5,29
6339,633.9,8,3,13,5,29
6340,634.0,8,3,13,5,29
6341,634.1,8,3,13,4,28
6342,634.2,8,3,13,5,29
6343,634.3,8,3,13,5,29
6344,634.4,7,3,13,4,27
6345,634.5,7,3,13,4,27
6346,634.6,7,3,13,4,27
6347,634.7,7,2,13,5,27
6348,634.8,7,2,14,3,26
6349,634.9,7,2,13,3,25
6350,635.0,7,2,12,3,24
6351,635.1,7,2,12,3,24
6352,635.2,7,2,12,3,24
6353,635.3,7,2,13,3,25
6354,635.4,7,2,13,3,25
6355,635.5,7,2,13,2,24
6356,635.6,7,2,13,2,24
6357,635.7,7,2,13,2,24
6358,635.8,7,2,13,2,24
6359,635.9,7,2,13,2,24
6360,636.0,7,2,13,2,24
6361,636.1,7,2,14,2,25
6362,636.2,7,2,14,2,25
6363,636.3,7,2,14,2,25
6364,636.4,7,2,13,2,24
6365,636.5,7,2,14,2,25
6366,636.6,5,2,13,3,23
6367,636.7,7,2,13,3,25
6368,636.8,7,2,14,3,26
6369,636.9,7,2,13,3,25
6370,637.0,7,2,13,3,25
6371,637.1,7,2,14,3,26
6372,637.2,6,2,13,3,24
6373,637.3,5,2,13,3,23
6374,637.4,5,2,13,3,23
6375,637.5,6,2,13,3,24
6376,637.6,5,2,13,3,23
6377,637.7,5,2,13,4,24
6378,637.8,5,2,13,4,24
6379,637.9,5,2,12,4,23
6380,638.0,6,2,13,4,25
6381,638.1,6,2,14,5,27
6382,638.2,6,2,13,4,25
6383,638.3,6,2,14,6,28
6384,638.4,6,2,15,5,28
6385,638.5,6,2,16,6,30
6386,638.6,5,2,15,5,27
6387,638.7,5,2,16,5,28
6388,638.8,5,2,15,5,27
6389,638.9,5,2,15,5,27
6390,639.0,5,2,15,4,26
6391,639.1,5,2,16,6,29
6392,639.2,5,2,16,5,28
6393,639.3,6,2,16,5,29
6394,639.4,6,2,14,5,27
6395,639.5,6,2,15,5,28
6396,639.6,5,2,14,7,28
6397,639.7,6,2,16,5,29
6398,639.8,6,2,15,5,28
6399,639.9,6,2,16,6,30
6400,640.0,6,2,15,6,29
6401,640.1,6,2,15,6,29
6402,640.2,6,2,15,7,30
6403,640.3,6,2,15,6,29
6404,640.4,6,2,15,5,28
6405,640.5,6,2,15,7,30
6406,640.6,6,2,15,7,30
6407,640.7,6,2,15,7,30
6408,640.8,6,2,15,6,29
6409,640.9,6,3,15,7,31
6410,641.0,6,3,15,7,31
6411,641.1,6,3,15,7,31
6412,641.2,6,3,15,6,30
6413,641.3,6,3,15,8,32
6414,641.4,6,3,15,6,30
6415,641.5,6,3,15,6,30
6416,641.6,6,3,15,8,32
6417,641.7,6,3,15,7,31
6418,641.8,6,4,15,8,33
6419,641.9,6,4,15,8,33
6420,642.0,6,4,14,8,32
6421,642.1,6,4,15,7,32
6422,642.2,6,4,15,8,33
6423,642.3,6,4,14,8,32
6424,642.4,6,4,14,8,32
6425,642.5,6,4,14,7,31
6426,642.6,6,4,15,8,33
6427,642.7,6,4,14,8,32
6428,642.8,6,4,15,9,34
6429,642.9,6,4,15,9,34
6430,643.0,6,4,15,9,34
6431,643.1,6,4,15,9,34
6432,643.2,6,4,15,9,34
6433,643.3,6,4,16,9,35
6434,643.4,6,4,16,9,35
6435,643.5,6,4,16,9,35
6436,643.6,6,4,16,10,36
6437,643.7,6,3,15,10,34
6438,643.8,6,3,16,9,34
6439,643.9,6,3,15,9,33
6440,644.0,6,3,16,9,34
6441,644.1,6,3,16,9,34
6442,644.2,6,3,15,9,33
6443,644.3,7,3,16,9,35
6444,644.4,7,3,15,9,34
6445,644.5,7,3,16,9,35
6446,644.6,7,3,16,9,35
6447,644.7,7,3,16,9,35
6448,644.8,7,3,16,9,35
6449,644.9,7,3,16,9,35
6450,645.0,7,3,15,9,34
6451,645.1,7,3,16,9,35
6452,645.2,7,3,15,9,34
6453,645.3,7,3,15,9,34
6454,645.4,7,3,15,9,34
6455,645.5,7,3,16,10,36
6456,645.6,8,3,15,10,36
6457,645.7,8,3,16,10,37
6458,645.8,8,3,16,10,37
6459,645.9,8,3,16,10,37
6460,646.0,8,3,16,10,37
6461,646.1,8,3,16,10,37
6462,646.2,8,3,16,10,37
6463,646.3,8,3,16,10,37
6464,646.4,8,3,16,10,37
6465,646.5,8,3,16,10,37
6466,646.6,8,3,16,10,37
6467,646.7,8,3,16,10,37
6468,646.8,8,3,16,10,37
6469,646.9,8,3,16,10,37
6470,647.0,8,3,15,10,36
6471,647.1,8,3,15,10,36
6472,647.2,8,3,15,10,36
6473,647.3,8,3,15,10,36
6474,647.4,8,3,15,10,36
6475,647.5,8,3,14,10,35
6476,647.6,8,3,14,10,35
6477,647.7,8,3,14,10,35
6478,647.8,8,3,14,10,35
6479,647.9,7,3,14,10,34
6480,648.0,8,3,14,10,35
6481,648.1,8,3,14,10,35
6482,648.2,8,3,14,10,35
6483,648.3,8,3,14,10,35
6484,648.4,8,2,14,10,34
6485,648.5,8,2,14,9,33
6486,648.6,9,2,14,9,34
6487,648.7,8,3,14,8,33
6488,648.8,8,3,14,9,34
6489,648.9,8,3,15,8,34
6490,649.0,8,3,16,7,34
6491,649.1,8,3,17,8,36
6492,649.2,8,3,17,9,37
6493,649.3,8,4,17,9,38
6494,649.4,8,4,17,9,38
6495,649.5,8,4,17,9,38
6496,649.6,8,4,17,9,38
6497,649.7,8,4,17,9,38
6498,649.8,8,4,16,9,37
6499,649.9,8,4,16,9,37
6500,650.0,8,4,16,9,37
6501,650.1,8,4,16,9,37
6502,650.2,8,3,16,9,36
6503,650.3,8,4,16,9,37
6504,650.4,8,3,16,9,36
6505,650.5,8,3,15,9,35
6506,650.6,8,3,15,9,35
6507,650.7,8,2,15,8,33
6508,650.8,8,3,15,9,35
6509,650.9,8,3,16,8,35
6510,651.0,8,3,16,8,35
6511,651.1,8,4,16,8,36
6512,651.2,8,5,16,9,38
6513,651.3,8,5,16,9,38
6514,651.4,8,5,15,8,36
6515,651.5,8,5,15,8,36
6516,651.6,8,6,15,8,37
6517,651.7,7,6,15,9,37
6518,651.8,8,6,16,8,38
6519,651.9,8,6,16,9,39
6520,652.0,8,5,16,9,38
6521,652.1,8,5,16,8,37
6522,652.2,8,5,16,9,38
6523,652.3,8,6,16,9,39
6524,652.4,8,6,15,9,38
6525,652.5,8,7,16,9,40
6526,652.6,8,7,16,9,40
6527,652.7,7,7,15,9,38
6528,652.8,8,6,15,9,38
6529,652.9,8,7,16,9,40
6530,653.0,8,7,16,10,41
6531,653.1,8,7,16,9,40
6532,653.2,7,7,16,9,39
6533,653.3,7,7,16,9,39
6534,653.4,7,7,16,10,40
6535,653.5,7,7,16,10,40
6536,653.6,7,7,16,10,40
6537,653.7,7,7,16,10,40
6538,653.8,7,7,16,10,40
6539,653.9,7,7,16,10,40
6540,654.0,7,8,16,9,40
6541,654.1,7,8,16,8,39
6542,654.2,6,8,16,8,38
6543,654.3,6,7,16,8,37
6544,654.4,6,7,16,8,37
6545,654.5,6,6,16,8,36
6546,654.6,6,6,16,9,37
6547,654.7,6,7,16,8,37
6548,654.8,6,7,16,8,37
6549,654.9,6,8,16,8,38
6550,655.0,5,8,16,8,37
6551,655.1,5,8,16,8,37
6552,655.2,5,8,16,8,37
6553,655.3,5,8,16,8,37
6554,655.4,6,9,16,8,39
6555,655.5,6,8,15,8,37
6556,655.6,6,8,15,8,37
6557,655.7,6,8,15,8,37
6558,655.8,6,8,15,8,37
6559,655.9,6,8,15,8,37
6560,656.0,6,8,15,8,37
6561,656.1,6,8,15,8,37
6562,656.2,6,8,15,8,37
6563,656.3,6,7,15,7,35
6564,656.4,6,6,15,7,34
6565,656.5,6,6,15,8,35
6566,656.6,6,5,15,8,34
6567,656.7,6,5,15,8,34
6568,656.8,5,5,15,8,33
6569,656.9,5,5,15,7,32
6570,657.0,5,5,15,7,32
6571,657.1,5,4,15,7,31
6572,657.2,5,4,15,7,31
6573,657.3,5,4,15,7,31
6574,657.4,5,4,15,6,30
6575,657.5,5,4,15,6,30
6576,657.6,5,5,15,7,32
6577,657.7,5,5,15,7,32
6578,657.8,4,5,15,7,31
6579,657.9,4,5,15,7,31
6580,658.0,4,5,15,6,30
6581,658.1,4,4,14,6,28
6582,658.2,4,4,15,7,30
6583,658.3,4,4,14,7,29
6584,658.4,4,4,14,6,28
6585,658.5,4,3,14,6,27
6586,658.6,4,3,14,6,27
6587,658.7,4,3,14,6,27
6588,658.8,4,3,14,6,27
6589,658.9,4,2,14,6,26
6590,659.0,4,2,14,6,26
6591,659.1,4,2,14,7,27
6592,659.2,5,2,14,6,27
6593,659.3,5,2,14,7,28
6594,659.4,4,2,14,7,27
6595,659.5,4,2,14,6,26
6596,659.6,4,2,14,6,26
6597,659.7,4,1,14,6,25
6598,659.8,4,1,14,6,25
6599,659.9,4,1,14,6,25
6600,660.0,4,1,14,6,25
6601,660.1,4,1,14,6,25
6602,660.2,4,1,14,6,25
6603,660.3,5,1,14,7,27
6604,660.4,5,1,15,8,29
6605,660.5,5,1,15,8,29
6606,660.6,4,1,15,8,28
6607,660.7,4,1,15,7,27
6608,660.8,4,1,15,9,29
6609,660.9,4,2,15,8,29
6610,661.0,4,2,15,8,29
6611,661.1,4,2,15,8,29
6612,661.2,4,2,15,9,30
6613,661.3,4,2,15,8,29
6614,661.4,4,2,16,8,30
6615,661.5,4,2,16,8,30
6616,661.6,4,2,16,9,31
6617,661.7,4,2,16,9,31
6618,661.8,4,2,16,10,32
6619,661.9,4,2,16,9,31
6620,662.0,4,2,16,8,30
6621,662.1,4,2,16,9,31
6622,662.2,3,2,16,9,30
6623,662.3,3,2,16,10,31
6624,662.4,2,2,16,10,30
6625,662.5,2,2,16,10,30
6626,662.6,2,2,16,9,29
6627,662.7,2,2,16,9,29
6628,662.8,2,2,16,9,29
6629,662.9,2,2,16,9,29
6630,663.0,2,2,16,9,29
6631,663.1,2,2,16,10,30
6632,663.2,2,1,15,10,28
6633,663.3,2,1,16,10,29
6634,663.4,2,2,16,10,30
6635,663.5,2,2,16,10,30
6636,663.6,2,4,15,10,31
6637,663.7,2,4,15,10,31
6638,663.8,2,4,15,10,31
6639,663.9,2,4,15,10,31
6640,664.0,2,4,15,10,31
6641,664.1,2,4,15,10,31
6642,664.2,2,4,15,10,31
6643,664.3,3,4,15,10,32
6644,664.4,3,4,16,10,33
6645,664.5,3,4,16,10,33
6646,664.6,3,4,17,10,34
6647,664.7,2,4,16,9,31
6648,664.8,2,4,16,9,31
6649,664.9,2,5,16,9,32
6650,665.0,2,5,16,9,32
6651,665.1,2,5,15,9,31
6652,665.2,2,5,15,9,31
6653,665.3,2,5,15,10,32
6654,665.4,2,5,15,10,32
6655,665.5,2,5,15,10,32
6656,665.6,2,5,14,10,31
6657,665.7,2,5,16,10,33
6658,665.8,2,5,16,10,33
6659,665.9,2,5,16,10,33
6660,666.0,2,5,16,10,33
6661,666.1,2,4,16,10,32
6662,666.2,2,4,16,10,32
6663,666.3,2,4,16,10,32
6664,666.4,2,4,16,10,32
6665,666.5,2,4,16,10,32
6666,666.6,2,4,16,10,32
6667,666.7,2,4,16,9,31
6668,666.8,2,4,16,9,31
6669,666.9,2,4,16,9,31
6670,667.0,2,4,17,9,32
6671,667.1,2,4,17,9,32
6672,667.2,2,4,17,9,32
6673,667.3,2,4,16,9,31
6674,667.4,3,4,16,9,32
6675,667.5,3,4,17,9,33
6676,667.6,3,4,17,9,33
6677,667.7,3,5,16,9,33
6678,667.8,3,5,16,9,33
6679,667.9,3,5,16,9,33
6680,668.0,3,5,17,9,34
6681,668.1,3,5,17,9,34
6682,668.2,3,5,16,9,33
6683,668.3,3,5,16,9,33
6684,668.4,2,5,16,10,33
6685,668.5,2,5,16,9,32
6686,668.6,2,5,17,11,35
6687,668.7,2,5,18,11,36
6688,668.8,3,5,18,11,37
6689,668.9,3,5,18,11,37
6690,669.0,3,5,18,11,37
6691,669.1,3,5,18,11,37
6692,669.2,3,5,18,11,37
6693,669.3,3,5,17,11,36
6694,669.4,3,5,18,11,37
6695,669.5,3,5,18,11,37
6696,669.6,3,5,17,11,36
6697,669.7,3,5,18,11,37
6698,669.8,3,5,18,11,37
6699,669.9,3,5,18,11,37
6700,670.0,3,4,17,11,35
6701,670.1,3,4,18,11,36
6702,670.2,3,5,18,11,37
6703,670.3,3,5,18,12,38
6704,670.4,3,5,18,12,38
6705,670.5,3,5,17,12,37
6706,670.6,3,5,16,12,36
6707,670.7,3,6,17,12,38
6708,670.8,3,6,17,12,38
6709,670.9,3,6,17,13,39
6710,671.0,3,6,16,13,38
6711,671.1,3,6,17,13,39
6712,671.2,3,5,17,13,38
6713,671.3,2,5,17,12,36
6714,671.4,2,5,17,12,36
6715,671.5,2,5,17,12,36
6716,671.6,2,5,17,12,36
6717,671.7,2,5,17,12,36
6718,671.8,2,5,17,12,36
6719,671.9,2,5,16,12,35
6720,672.0,2,5,16,12,35
6721,672.1,2,5,17,12,36
6722,672.2,2,5,17,12,36
6723,672.3,2,5,14,12,33
6724,672.4,3,4,16,12,35
6725,672.5,3,4,16,12,35
6726,672.6,3,4,16,12,35
6727,672.7,3,4,16,12,35
6728,672.8,3,4,16,12,35
6729,672.9,3,4,16,12,35
6730,673.0,3,4,17,12,36
6731,673.1,3,4,16,12,35
6732,673.2,3,4,16,12,35
6733,673.3,3,4,16,11,34
6734,673.4,3,4,15,11,33
6735,673.5,3,4,16,11,34
6736,673.6,3,4,16,11,34
6737,673.7,3,4,16,11,34
6738,673.8,3,4,14,11,32
6739,673.9,3,4,16,12,35
6740,674.0,3,4,16,12,35
6741,674.1,3,4,15,12,34
6742,674.2,3,4,15,12,34
6743,674.3,3,4,15,12,34
6744,674.4,3,4,15,13,35
6745,674.5,3,4,15,12,34
6746,674.6,4,4,15,13,36
6747,674.7,4,4,15,13,36
6748,674.8,4,3,15,13,35
6749,674.9,4,3,15,12,34
6750,675.0,4,3,15,13,35
6751,675.1,4,3,15,13,35
6752,675.2,4,3,14,12,33
6753,675.3,4,3,14,13,34
6754,675.4,4,3,14,13,34
6755,675.5,4,3,14,12,33
6756,675.6,4,3,13,13,33
6757,675.7,4,3,13,13,33
6758,675.8,4,3,14,15,36
6759,675.9,3,4,14,14,35
6760,676.0,3,4,14,13,34
6761,676.1,3,4,15,15,37
6762,676.2,3,4,14,14,35
6763,676.3,3,4,14,14,35
6764,676.4,3,3,14,14,34
6765,676.5,3,3,14,14,34
6766,676.6,3,3,13,14,33
6767,676.7,3,3,13,14,33
6768,676.8,3,3,13,14,33
6769,676.9,3,3,14,14,34
6770,677.0,3,3,15,14,35
6771,677.1,3,3,15,14,35
6772,677.2,3,3,15,14,35
6773,677.3,3,3,15,14,35
6774,677.4,3,3,15,15,36
6775,677.5,3,3,15,15,36
6776,677.6,3,3,15,16,37
6777,677.7,4,3,15,15,37
6778,677.8,4,3,15,15,37
6779,677.9,4,3,15,15,37
6780,678.0,4,3,15,14,36
6781,678.1,4,3,15,14,36
6782,678.2,4,3,15,14,36
6783,678.3,4,4,15,14,37
6784,678.4,4,3,13,14,34
6785,678.5,4,4,15,15,38
6786,678.6,4,4,15,15,38
6787,678.7,4,4,15,15,38
6788,678.8,5,4,15,15,39
6789,678.9,5,4,15,14,38
6790,679.0,5,4,16,14,39
6791,679.1,5,4,16,15,40
6792,679.2,6,4,15,15,40
6793,679.3,6,4,16,15,41
6794,679.4,6,4,14,15,39
6795,679.5,6,4,14,15,39
6796,679.6,6,4,15,15,40
6797,679.7,6,4,14,16,40
6798,679.8,6,4,15,15,40
6799,679.9,6,4,15,16,41
6800,680.0,6,4,16,16,42
6801,680.1,6,4,15,16,41
6802,680.2,6,3,16,16,41
6803,680.3,6,3,16,16,41
6804,680.4,6,3,15,16,40
6805,680.5,6,3,16,16,41
6806,680.6,6,3,16,16,41
6807,680.7,6,3,16,16,41
6808,680.8,6,3,15,16,40
6809,680.9,6,3,16,15,40
6810,681.0,6,3,16,15,40
6811,681.1,6,3,16,15,40
6812,681.2,6,3,16,15,40
6813,681.3,6,3,16,15,40
6814,681.4,6,3,16,15,40
6815,681.5,6,3,16,15,40
6816,681.6,6,3,16,15,40
6817,681.7,6,3,16,15,40
6818,681.8,7,3,16,16,42
6819,681.9,7,3,16,16,42
6820,682.0,7,3,16,16,42
6821,682.1,7,3,16,16,42
6822,682.2,7,3,15,16,41
6823,682.3,7,3,14,16,40
6824,682.4,7,3,14,16,40
6825,682.5,7,3,16,16,42
6826,682.6,7,3,15,15,40
6827,682.7,7,3,15,16,41
6828,682.8,7,3,15,17,42
6829,682.9,6,3,16,17,42
6830,683.0,6,3,14,17,40
6831,683.1,6,3,14,17,40
6832,683.2,6,3,16,15,40
6833,683.3,6,3,15,16,40
6834,683.4,6,3,15,16,40
6835,683.5,6,3,16,16,41
6836,683.6,6,3,16,16,41
6837,683.7,6,3,16,16,41
6838,683.8,6,3,16,16,41
6839,683.9,6,3,15,15,39
6840,684.0,6,3,16,15,40
6841,684.1,6,3,16,15,40
6842,684.2,6,3,16,15,40
6843,684.3,6,3,16,15,40
6844,684.4,6,3,16,16,41
6845,684.5,6,3,16,15,40
6846,684.6,5,3,16,15,39
6847,684.7,5,3,16,15,39
6848,684.8,5,3,16,15,39
6849,684.9,5,3,15,15,38
6850,685.0,5,3,16,16,40
6851,685.1,5,3,16,16,40
6852,685.2,5,3,16,16,40
6853,685.3,4,3,16,16,39
6854,685.4,5,3,16,16,40
6855,685.5,5,3,17,16,41
6856,685.6,5,3,16,16,40
6857,685.7,5,3,16,16,40
6858,685.8,5,3,15,16,39
6859,685.9,5,3,16,16,40
6860,686.0,6,3,16,16,41
6861,686.1,7,3,15,16,41
6862,686.2,7,3,17,16,43
6863,686.3,7,3,16,16,42
6864,686.4,7,3,15,16,41
6865,686.5,7,3,16,16,42
6866,686.6,7,3,15,16,41
6867,686.7,7,3,16,16,42
6868,686.8,7,3,16,16,42
6869,686.9,7,3,16,16,42
6870,687.0,7,3,14,16,40
6871,687.1,7,3,15,16,41
6872,687.2,7,3,16,16,42
6873,687.3,7,3,16,16,42
6874,687.4,7,3,16,16,42
6875,687.5,7,3,15,16,41
6876,687.6,8,3,15,16,42
6877,687.7,8,3,15,15,41
6878,687.8,8,3,15,15,41
6879,687.9,8,3,15,15,41
6880,688.0,8,3,15,16,42
6881,688.1,8,3,15,16,42
6882,688.2,8,3,15,17,43
6883,688.3,8,3,16,15,42
6884,688.4,8,3,15,15,41
6885,688.5,8,3,15,15,41
6886,688.6,8,3,15,15,41
6887,688.7,8,3,15,15,41
6888,688.8,8,3,15,16,42
6889,688.9,8,3,15,16,42
6890,689.0,8,3,15,16,42
6891,689.1,8,3,15,16,42
6892,689.2,8,3,15,16,42
6893,689.3,8,3,15,16,42
6894,689.4,8,3,15,16,42
6895,689.5,8,3,15,15,41
6896,689.6,8,3,15,15,41
6897,689.7,8,3,16,15,42
6898,689.8,8,3,16,16,43
6899,689.9,8,3,16,17,44
6900,690.0,8,3,16,16,43
6901,690.1,8,3,16,17,44
6902,690.2,8,3,16,17,44
6903,690.3,8,3,16,17,44
6904,690.4,8,3,15,17,43
6905,690.5,7,3,16,17,43
6906,690.6,7,3,16,16,42
6907,690.7,7,3,16,15,41
6908,690.8,8,3,16,15,42
6909,690.9,8,3,15,15,41
6910,691.0,8,3,16,13,40
6911,691.1,9,3,16,14,42
6912,691.2,9,3,16,15,43
6913,691.3,9,3,15,16,43
6914,691.4,9,3,15,16,43
6915,691.5,9,3,15,16,43
6916,691.6,9,3,14,17,43
6917,691.7,9,3,13,17,42
6918,691.8,9,3,13,17,42
6919,691.9,9,3,12,16,40
6920,692.0,9,3,12,17,41
6921,692.1,9,3,13,18,43
6922,692.2,9,3,12,17,41
6923,692.3,9,3,12,15,39
6924,692.4,9,3,11,16,39
6925,692.5,9,3,11,16,39
6926,692.6,9,3,11,16,39
6927,692.7,9,3,11,16,39
6928,692.8,9,3,12,16,40
6929,692.9,9,3,12,16,40
6930,693.0,9,3,12,16,40
6931,693.1,9,3,12,16,40
6932,693.2,9,3,12,16,40
6933,693.3,9,3,12,16,40
6934,693.4,9,3,13,15,40
6935,693.5,9,3,12,15,39
6936,693.6,9,3,12,15,39
6937,693.7,9,3,11,14,37
6938,693.8,9,3,10,14,36
6939,693.9,9,3,10,14,36
6940,694.0,9,3,10,14,36
6941,694.1,9,3,9,13,34
6942,694.2,9,3,9,13,34
6943,694.3,9,3,9,13,34
6944,694.4,9,3,9,13,34
6945,694.5,9,3,9,14,35
6946,694.6,9,3,9,14,35
6947,694.7,9,3,9,14,35
6948,694.8,9,3,8,14,34
6949,694.9,9,3,8,14,34
6950,695.0,9,3,8,12,32
6951,695.1,9,3,9,14,35
6952,695.2,9,3,8,14,34
6953,695.3,9,3,9,14,35
6954,695.4,9,3,10,13,35
6955,695.5,9,3,9,14,35
6956,695.6,9,3,8,13,33
6957,695.7,9,3,9,13,34
6958,695.8,9,3,8,13,33
6959,695.9,9,3,9,13,34
6960,696.0,9,3,9,13,34
6961,696.1,9,3,9,14,35
6962,696.2,9,3,9,14,35
6963,696.3,9,3,9,14,35
6964,696.4,9,3,9,14,35
6965,696.5,9,3,9,14,35
6966,696.6,9,3,9,13,34
6967,696.7,9,3,9,13,34
6968,696.8,9,3,9,13,34
6969,696.9,9,3,9,11,32
6970,697.0,8,3,9,12,32
6971,697.1,9,3,9,12,33
6972,697.2,9,3,9,12,33
6973,697.3,8,3,8,12,31
6974,697.4,9,3,7,12,31
6975,697.5,9,4,7,12,32
6976,697.6,9,4,7,11,31
6977,697.7,9,4,7,12,32
6978,697.8,9,4,6,11,30
6979,697.9,9,4,6,11,30
6980,698.0,9,4,6,12,31
6981,698.1,8,4,6,12,30
6982,698.2,9,4,5,12,30
6983,698.3,9,4,5,13,31
6984,698.4,9,4,5,13,31
6985,698.5,9,4,5,13,31
6986,698.6,10,4,5,13,32
6987,698.7,10,4,6,13,33
6988,698.8,10,4,6,12,32
6989,698.9,10,4,6,12,32
6990,699.0,10,4,6,12,32
6991,699.1,10,4,6,12,32
6992,699.2,10,4,6,12,32
6993,699.3,10,4,6,12,32
6994,699.4,10,4,6,12,32
6995,699.5,10,4,6,12,32
6996,699.6,10,4,6,12,32
6997,699.7,10,4,6,11,31
6998,699.8,10,4,6,11,31
6999,699.9,10,4,6,11,31
7000,700.0,10,4,6,11,31
7001,700.1,10,4,6,11,31
7002,700.2,10,4,6,11,31
7003,700.3,10,4,6,11,31
7004,700.4,10,4,6,11,31
7005,700.5,10,4,6,11,31
7006,700.6,10,4,6,10,30
7007,700.7,10,4,6,10,30
7008,700.8,10,4,6,11,31
7009,700.9,9,4,6,11,30
7010,701.0,10,4,6,11,31
7011,701.1,10,4,5,11,30
7012,701.2,10,4,6,11,31
7013,701.3,10,4,6,11,31
7014,701.4,10,4,6,11,31
7015,701.5,10,4,6,11,31
7016,701.6,10,4,6,11,31
7017,701.7,10,4,6,12,32
7018,701.8,10,4,6,12,32
7019,701.9,10,4,6,12,32
7020,702.0,10,4,6,12,32
7021,702.1,10,4,5,12,31
7022,702.2,10,4,5,12,31
7023,702.3,10,4,5,12,31
7024,702.4,10,4,5,11,30
7025,702.5,10,4,5,12,31
7026,702.6,10,4,5,12,31
7027,702.7,10,4,5,11,30
7028,702.8,10,4,5,11,30
7029,702.9,11,4,5,11,31
7030,703.0,11,4,5,11,31
7031,703.1,11,4,5,10,30
7032,703.2,11,4,5,11,31
7033,703.3,11,4,5,10,30
7034,703.4,11,4,5,11,31
7035,703.5,11,4,5,10,30
7036,703.6,11,4,5,10,30
7037,703.7,11,4,5,10,30
7038,703.8,10,4,5,11,30
7039,703.9,11,4,5,11,31
7040,704.0,11,4,5,10,30
7041,704.1,10,4,6,10,30
7042,704.2,11,4,6,9,30
7043,704.3,11,4,6,10,31
7044,704.4,11,4,5,10,30
7045,704.5,10,4,5,10,29
7046,704.6,11,4,5,11,31
7047,704.7,11,4,5,11,31
7048,704.8,11,4,5,10,30
7049,704.9,11,4,5,11,31
7050,705.0,11,4,5,9,29
7051,705.1,11,4,5,9,29
7052,705.2,11,4,5,10,30
7053,705.3,11,4,5,9,29
7054,705.4,11,4,5,9,29
7055,705.5,11,4,4,10,29
7056,705.6,11,4,5,9,29
7057,705.7,11,4,5,9,29
7058,705.8,11,4,5,9,29
7059,705.9,11,4,5,9,29
7060,706.0,11,4,5,9,29
7061,706.1,11,4,5,10,30
7062,706.2,11,4,7,10,32
7063,706.3,11,4,7,10,32
7064,706.4,11,4,7,10,32
7065,706.5,11,4,7,9,31
7066,706.6,11,4,7,10,32
7067,706.7,11,4,6,10,31
7068,706.8,11,4,6,10,31
7069,706.9,11,4,6,10,31
7070,707.0,11,4,6,11,32
7071,707.1,11,4,7,11,33
7072,707.2,11,4,7,10,32
7073,707.3,11,4,7,10,32
7074,707.4,12,4,7,10,33
7075,707.5,12,4,7,10,33
7076,707.6,12,4,7,9,32
7077,707.7,12,4,7,9,32
7078,707.8,12,4,7,9,32
7079,707.9,12,4,7,9,32
7080,708.0,12,4,7,9,32
7081,708.1,12,4,7,7,30
7082,708.2,12,4,7,6,29
7083,708.3,12,4,7,6,29
7084,708.4,12,4,7,6,29
7085,708.5,12,4,7,6,29
7086,708.6,12,4,7,7,30
7087,708.7,12,4,7,7,30
7088,708.8,12,4,7,7,30
7089,708.9,12,4,8,7,31
7090,709.0,12,4,8,7,31
7091,709.1,12,4,8,7,31
7092,709.2,12,4,7,7,30
7093,709.3,12,4,8,7,31
7094,709.4,12,4,7,7,30
7095,709.5,12,4,8,6,30
7096,709.6,12,4,7,6,29
7097,709.7,12,4,8,6,30
7098,709.8,12,4,9,6,31
7099,709.9,12,4,9,6,31
7100,710.0,12,4,9,6,31
7101,710.1,12,4,9,6,31
7102,710.2,12,4,9,6,31
7103,710.3,12,4,9,6,31
7104,710.4,12,4,9,5,30
7105,710.5,12,4,9,5,30
7106,710.6,12,4,9,5,30
7107,710.7,12,4,9,5,30
7108,710.8,12,4,9,5,30
7109,710.9,12,4,9,5,30
7110,711.0,12,4,9,5,30
7111,711.1,12,4,9,5,30
7112,711.2,12,4,9,4,29
7113,711.3,12,4,9,4,29
7114,711.4,12,4,8,4,28
7115,711.5,12,4,8,4,28
7116,711.6,12,4,8,4,28
7117,711.7,12,4,8,4,28
7118,711.8,12,4,8,4,28
7119,711.9,12,4,8,4,28
7120,712.0,12,4,6,4,26
7121,712.1,12,4,6,3,25
7122,712.2,12,4,7,3,26
7123,712.3,12,4,7,4,27
7124,712.4,12,4,7,4,27
7125,712.5,12,4,7,4,27
7126,712.6,12,4,7,4,27
7127,712.7,12,4,8,4,28
7128,712.8,12,4,8,4,28
7129,712.9,12,4,8,3,27
7130,713.0,12,4,8,3,27
7131,713.1,12,4,8,3,27
7132,713.2,12,4,8,3,27
7133,713.3,12,4,8,3,27
7134,713.4,12,4,8,3,27
7135,713.5,12,4,8,4,28
7136,713.6,12,4,8,4,28
7137,713.7,12,4,8,4,28
7138,713.8,12,4,8,4,28
7139,713.9,12,4,8,4,28
7140,714.0,12,4,9,4,29
7141,714.1,12,4,9,4,29
7142,714.2,12,4,9,4,29
7143,714.3,12,4,9,4,29
7144,714.4,12,4,10,5,31
7145,714.5,12,4,10,5,31
7146,714.6,12,4,10,5,31
7147,714.7,12,4,10,5,31
7148,714.8,12,4,10,5,31
7149,714.9,12,4,10,5,31
7150,715.0,12,4,10,5,31
7151,715.1,12,4,10,5,31
7152,715.2,12,4,10,6,32
7153,715.3,12,4,10,6,32
7154,715.4,12,4,10,5,31
7155,715.5,12,4,10,6,32
7156,715.6,12,4,9,6,31
7157,715.7,12,4,8,6,30
7158,715.8,12,4,8,5,29
7159,715.9,12,4,8,5,29
7160,716.0,12,4,8,5,29
7161,716.1,12,4,8,5,29
7162,716.2,12,4,9,6,31
7163,716.3,12,4,9,6,31
7164,716.4,12,4,9,6,31
7165,716.5,12,4,9,6,31
7166,716.6,12,4,9,6,31
7167,716.7,12,4,9,6,31
7168,716.8,12,4,9,6,31
7169,716.9,12,4,9,6,31
7170,717.0,12,4,9,5,30
7171,717.1,12,4,9,4,29
7172,717.2,12,4,9,5,30
7173,717.3,12,4,9,4,29
7174,717.4,12,4,9,5,30
7175,717.5,12,4,10,5,31
7176,717.6,12,4,10,5,31
7177,717.7,12,4,10,5,31
7178,717.8,12,4,9,5,30
7179,717.9,12,4,9,5,30
7180,718.0,12,4,9,5,30
7181,718.1,12,4,8,5,29
7182,718.2,12,4,8,5,29
7183,718.3,12,4,8,5,29
7184,718.4,12,4,8,5,29
7185,718.5,12,4,8,5,29
7186,718.6,12,4,8,5,29
7187,718.7,12,4,8,4,28
7188,718.8,12,4,8,4,28
7189,718.9,12,4,8,4,28
7190,719.0,12,4,8,4,28
7191,719.1,12,4,8,4,28
7192,719.2,12,4,8,4,28
7193,719.3,12,4,8,4,28
7194,719.4,12,5,9,4,30
7195,719.5,12,5,8,4,29
7196,719.6,12,6,7,5,30
7197,719.7,12,6,9,5,32
7198,719.8,12,6,8,5,31
7199,719.9,12,6,9,4,31
7200,720.0,12,6,11,4,33
7201,720.1,12,6,10,4,32
7202,720.2,12,6,11,4,33
7203,720.3,12,6,11,4,33
7204,720.4,12,6,11,4,33
7205,720.5,12,6,11,4,33
7206,720.6,12,6,10,5,33
7207,720.7,12,6,10,4,32
7208,720.8,12,6,10,4,32
7209,720.9,12,6,10,4,32
7210,721.0,12,6,11,4,33
7211,721.1,12,6,11,4,33
7212,721.2,12,6,11,4,33
7213,721.3,12,6,11,4,33
7214,721.4,12,6,11,5,34
7215,721.5,12,6,11,5,34
7216,721.6,12,6,11,5,34
7217,721.7,12,6,11,3,32
7218,721.8,12,6,11,3,32
7219,721.9,12,6,11,5,34
7220,722.0,12,7,11,4,34
7221,722.1,12,7,11,5,35
7222,722.2,12,7,11,4,34
7223,722.3,12,7,11,4,34
7224,722.4,12,6,11,5,34
7225,722.5,11,6,11,5,33
7226,722.6,11,6,11,7,35
7227,722.7,11,6,11,6,34
7228,722.8,11,6,11,6,34
7229,722.9,11,6,11,5,33
7230,723.0,11,6,11,7,35
7231,723.1,10,6,11,6,33
7232,723.2,10,6,11,7,34
7233,723.3,10,6,11,8,35
7234,723.4,10,6,11,7,34
7235,723.5,10,6,13,8,37
7236,723.6,10,6,13,8,37
7237,723.7,10,6,13,7,36
7238,723.8,10,6,12,8,36
7239,723.9,10,6,12,6,34
7240,724.0,10,6,11,6,33
7241,724.1,10,5,13,6,34
7242,724.2,10,5,11,6,32
7243,724.3,10,5,12,6,33
7244,724.4,10,6,12,6,34
7245,724.5,10,7,12,6,35
7246,724.6,10,7,13,6,36
7247,724.7,9,7,13,6,35
7248,724.8,10,7,13,6,36
7249,724.9,10,7,14,7,38
7250,725.0,10,7,15,7,39
7251,725.1,10,7,15,7,39
7252,725.2,10,7,15,7,39
7253,725.3,10,7,15,7,39
7254,725.4,10,7,15,7,39
7255,725.5,10,7,16,8,41
7256,725.6,10,7,15,7,39
7257,725.7,10,7,15,7,39
7258,725.8,10,7,16,7,40
7259,725.9,10,7,15,7,39
7260,726.0,10,7,15,7,39
7261,726.1,10,7,15,7,39
7262,726.2,10,7,15,7,39
7263,726.3,10,6,14,7,37
7264,726.4,10,6,14,8,38
7265,726.5,10,6,14,8,38
7266,726.6,10,6,14,8,38
7267,726.7,10,6,14,8,38
7268,726.8,10,6,14,9,39
7269,726.9,9,6,15,9,39
7270,727.0,8,6,14,9,37
7271,727.1,7,6,14,10,37
7272,727.2,7,6,15,10,38
7273,727.3,7,6,15,10,38
7274,727.4,7,6,14,9,36
7275,727.5,7,6,14,8,35
7276,727.6,7,6,14,8,35
7277,727.7,7,6,14,8,35
7278,727.8,7,6,14,8,35
7279,727.9,7,6,13,8,34
7280,728.0,7,6,13,8,34
7281,728.1,7,6,14,8,35
7282,728.2,7,6,13,9,35
7283,728.3,7,6,14,9,36
7284,728.4,7,6,14,7,34
7285,728.5,7,6,14,9,36
7286,728.6,6,6,14,8,34
7287,728.7,6,6,14,8,34
7288,728.8,6,6,15,8,35
7289,728.9,6,6,15,8,35
7290,729.0,6,4,15,9,34
7291,729.1,6,4,15,9,34
7292,729.2,6,4,15,10,35
7293,729.3,6,4,15,10,35
7294,729.4,6,4,15,10,35
7295,729.5,6,4,15,8,33
7296,729.6,6,4,15,9,34
7297,729.7,6,4,15,9,34
7298,729.8,6,4,15,9,34
7299,729.9,6,4,15,9,34
7300,730.0,6,4,15,9,34
7301,730.1,6,4,15,9,34
7302,730.2,6,4,15,9,34
7303,730.3,6,4,15,8,33
7304,730.4,6,4,15,8,33
7305,730.5,6,4,15,8,33
7306,730.6,6,4,15,8,33
7307,730.7,6,4,15,8,33
7308,730.8,6,4,15,8,33
7309,730.9,6,4,15,8,33
7310,731.0,6,4,15,8,33
7311,731.1,6,4,15,8,33
7312,731.2,6,4,15,8,33
7313,731.3,6,4,14,8,32
7314,731.4,6,4,14,8,32
7315,731.5,6,4,14,8,32
7316,731.6,6,4,14,8,32
7317,731.7,6,4,14,8,32
7318,731.8,6,4,14,8,32
7319,731.9,6,4,15,8,33
7320,732.0,6,4,15,8,33
7321,732.1,6,4,15,8,33
7322,732.2,6,5,15,8,34
7323,732.3,6,4,15,8,33
7324,732.4,6,4,15,8,33
7325,732.5,6,4,15,9,34
7326,732.6,6,4,15,9,34
7327,732.7,6,4,15,10,35
7328,732.8,6,4,15,10,35
7329,732.9,6,3,15,10,34
7330,733.0,6,3,15,10,34
7331,733.1,6,3,15,10,34
7332,733.2,6,3,15,10,34
7333,733.3,6,3,15,10,34
7334,733.4,6,3,15,10,34
7335,733.5,6,3,15,10,34
7336,733.6,6,3,15,10,34
7337,733.7,6,3,15,10,34
7338,733.8,6,3,15,10,34
7339,733.9,6,4,14,10,34
7340,734.0,6,4,14,10,34
7341,734.1,6,4,14,10,34
7342,734.2,7,4,14,10,35
7343,734.3,7,4,14,10,35
7344,734.4,6,4,14,10,34
7345,734.5,7,5,14,10,36
7346,734.6,7,5,14,10,36
7347,734.7,6,4,14,10,34
7348,734.8,7,5,14,10,36
7349,734.9,7,5,14,10,36
7350,735.0,7,5,14,10,36
7351,735.1,7,5,14,10,36
7352,735.2,7,5,14,10,36
7353,735.3,7,5,13,10,35
7354,735.4,7,5,13,10,35
7355,735.5,7,5,13,10,35
7356,735.6,7,5,13,10,35
7357,735.7,7,5,12,10,34
7358,735.8,7,4,12,10,33
7359,735.9,7,4,12,10,33
7360,736.0,7,4,12,10,33
7361,736.1,7,4,12,10,33
7362,736.2,7,5,12,10,34
7363,736.3,7,4,12,10,33
7364,736.4,7,4,12,10,33
7365,736.5,7,5,12,10,34
7366,736.6,7,4,12,10,33
7367,736.7,7,5,12,10,34
7368,736.8,7,5,12,10,34
7369,736.9,7,6,12,10,35
7370,737.0,7,6,12,11,36
7371,737.1,7,6,12,11,36
7372,737.2,7,6,12,11,36
7373,737.3,7,6,12,11,36
7374,737.4,7,6,12,11,36
7375,737.5,7,6,12,11,36
7376,737.6,7,5,12,11,35
7377,737.7,7,6,12,11,36
7378,737.8,7,6,12,11,36
7379,737.9,7,6,12,11,36
7380,738.0,7,6,13,11,37
7381,738.1,7,5,13,11,36
7382,738.2,7,6,14,11,38
7383,738.3,7,6,14,11,38
7384,738.4,7,6,13,11,37
7385,738.5,7,5,13,11,36
7386,738.6,7,5,14,11,37
7387,738.7,7,4,14,11,36
7388,738.8,7,5,14,11,37
7389,738.9,7,4,14,10,35
7390,739.0,7,4,14,10,35
7391,739.1,7,5,14,10,36
7392,739.2,7,5,14,10,36
7393,739.3,7,5,14,10,36
7394,739.4,7,5,14,10,36
7395,739.5,7,5,14,10,36
7396,739.6,7,6,14,10,37
7397,739.7,7,5,14,10,36
7398,739.8,7,6,14,10,37
7399,739.9,7,5,14,10,36
7400,740.0,7,6,14,10,37
7401,740.1,7,6,14,10,37
7402,740.2,7,6,14,10,37
7403,740.3,6,5,14,10,35
7404,740.4,6,6,14,10,36
7405,740.5,6,5,14,10,35
7406,740.6,6,4,14,10,34
7407,740.7,6,4,14,10,34
7408,740.8,6,4,14,9,33
7409,740.9,6,5,14,9,34
7410,741.0,6,4,14,9,33
7411,741.1,6,4,14,9,33
7412,741.2,6,5,14,9,34
7413,741.3,6,5,14,9,34
7414,741.4,6,4,14,9,33
7415,741.5,6,5,14,9,34
7416,741.6,6,4,14,9,33
7417,741.7,6,4,14,9,33
7418,741.8,6,4,14,9,33
7419,741.9,6,4,14,9,33
7420,742.0,7,4,14,9,34
7421,742.1,7,4,14,9,34
7422,742.2,7,4,14,9,34
7423,742.3,7,4,14,9,34
7424,742.4,7,4,14,9,34
7425,742.5,7,4,14,9,34
7426,742.6,7,5,13,9,34
7427,742.7,7,4,13,9,33
7428,742.8,7,5,13,9,34
7429,742.9,7,5,13,9,34
7430,743.0,7,5,13,9,34
7431,743.1,7,5,13,9,34
7432,743.2,7,5,13,9,34
7433,743.3,7,5,13,9,34
7434,743.4,7,5,13,9,34
7435,743.5,7,5,13,9,34
7436,743.6,7,5,13,9,34
7437,743.7,7,5,13,9,34
7438,743.8,7,4,13,9,33
7439,743.9,7,4,13,9,33
7440,744.0,7,4,13,9,33
7441,744.1,7,4,13,9,33
7442,744.2,7,4,13,9,33
7443,744.3,7,4,13,9,33
7444,744.4,7,4,13,9,33
7445,744.5,7,5,13,9,34
7446,744.6,7,5,13,9,34
7447,744.7,7,5,13,9,34
7448,744.8,7,5,13,9,34
7449,744.9,7,5,13,9,34
7450,745.0,7,5,13,9,34
7451,745.1,7,5,13,9,34
7452,745.2,7,5,13,9,34
7453,745.3,7,5,13,9,34
7454,745.4,7,5,13,9,34
7455,745.5,7,5,13,9,34
7456,745.6,7,5,13,9,34
7457,745.7,6,5,13,9,33
7458,745.8,6,5,13,9,33
7459,745.9,7,6,13,9,35
7460,746.0,7,6,13,9,35
7461,746.1,7,5,13,9,34
7462,746.2,7,5,13,9,34
7463,746.3,7,5,13,9,34
7464,746.4,7,5,13,9,34
7465,746.5,7,5,13,9,34
7466,746.6,7,5,13,9,34
7467,746.7,7,5,13,9,34
7468,746.8,7,5,13,9,34
7469,746.9,7,5,13,9,34
7470,747.0,7,5,13,9,34
7471,747.1,7,5,13,9,34
7472,747.2,7,5,13,9,34
7473,747.3,7,5,13,9,34
7474,747.4,7,5,13,9,34
7475,747.5,7,4,13,9,33
7476,747.6,7,5,13,9,34
7477,747.7,7,5,13,9,34
7478,747.8,7,5,13,9,34
7479,747.9,7,5,13,9,34
7480,748.0,7,4,13,9,33
7481,748.1,7,5,13,9,34
7482,748.2,7,5,13,9,34
7483,748.3,6,5,13,9,33
7484,748.4,7,6,13,9,35
7485,748.5,7,6,13,9,35
7486,748.6,7,6,13,9,35
7487,748.7,7,6,13,9,35
7488,748.8,7,6,13,9,35
7489,748.9,7,6,13,9,35
7490,749.0,7,6,13,9,35
7491,749.1,7,6,13,9,35
7492,749.2,7,6,13,9,35
7493,749.3,7,6,13,9,35
7494,749.4,7,6,13,9,35
7495,749.5,7,6,13,9,35
7496,749.6,7,6,13,9,35
7497,749.7,7,6,13,9,35
7498,749.8,7,6,13,9,35
7499,749.9,7,6,13,9,35
7500,750.0,8,6,13,9,36
7501,750.1,8,6,13,9,36
7502,750.2,8,5,13,9,35
7503,750.3,8,5,13,9,35
7504,750.4,8,5,13,9,35
7505,750.5,8,5,13,9,35
7506,750.6,8,5,13,9,35
7507,750.7,8,4,13,9,34
7508,750.8,8,5,13,9,35
7509,750.9,8,5,13,9,35
7510,751.0,8,5,13,9,35
7511,751.1,8,4,13,9,34
7512,751.2,8,4,13,9,34
7513,751.3,8,4,13,9,34
7514,751.4,7,2,13,9,31
7515,751.5,7,3,13,9,32
7516,751.6,7,3,13,9,32
7517,751.7,7,3,13,9,32
7518,751.8,7,2,13,9,31
7519,751.9,7,3,13,9,32
7520,752.0,6,2,13,9,30
7521,752.1,5,3,14,9,31
7522,752.2,5,3,14,9,31
7523,752.3,4,3,14,9,30
7524,752.4,4,5,14,9,32
7525,752.5,4,6,13,9,32
7526,752.6,4,6,13,9,32
7527,752.7,4,6,13,9,32
7528,752.8,3,6,14,9,32
7529,752.9,3,6,14,9,32
7530,753.0,3,6,13,9,31
7531,753.1,3,6,13,9,31
7532,753.2,3,5,13,9,30
7533,753.3,3,5,13,9,30
7534,753.4,3,5,13,9,30
7535,753.5,3,5,13,9,30
7536,753.6,3,5,13,9,30
7537,753.7,3,5,13,9,30
7538,753.8,3,5,13,9,30
7539,753.9,3,4,13,9,29
7540,754.0,3,4,14,9,30
7541,754.1,3,4,15,10,32
7542,754.2,3,4,15,10,32
7543,754.3,3,4,15,9,31
7544,754.4,3,4,14,9,30
7545,754.5,3,4,14,9,30
7546,754.6,3,4,14,9,30
7547,754.7,3,4,15,9,31
7548,754.8,4,4,14,9,31
7549,754.9,4,5,15,9,33
7550,755.0,3,5,14,9,31
7551,755.1,3,5,15,9,32
7552,755.2,3,5,15,9,32
7553,755.3,3,5,15,9,32
7554,755.4,3,5,15,9,32
7555,755.5,3,5,15,9,32
7556,755.6,3,5,15,9,32
7557,755.7,3,4,15,9,31
7558,755.8,3,4,15,9,31
7559,755.9,3,4,13,9,29
7560,756.0,3,4,14,9,30
7561,756.1,3,4,13,10,30
7562,756.2,3,4,13,10,30
7563,756.3,3,4,14,10,31
7564,756.4,3,5,14,10,32
7565,756.5,3,5,15,10,33
7566,756.6,3,5,15,10,33
7567,756.7,3,5,15,10,33
7568,756.8,3,5,15,10,33
7569,756.9,3,5,15,10,33
7570,757.0,3,4,15,10,32
7571,757.1,2,4,15,11,32
7572,757.2,2,4,15,11,32
7573,757.3,2,4,14,11,31
7574,757.4,2,4,15,11,32
7575,757.5,2,4,15,11,32
7576,757.6,3,4,15,11,33
7577,757.7,4,4,15,10,33
7578,757.8,4,4,14,11,33
7579,757.9,4,4,15,10,33
7580,758.0,4,4,16,12,36
7581,758.1,5,4,16,12,37
7582,758.2,5,4,16,12,37
7583,758.3,5,4,16,12,37
7584,758.4,5,4,15,12,36
7585,758.5,5,4,15,12,36
7586,758.6,5,5,15,11,36
7587,758.7,6,5,15,11,37
7588,758.8,6,5,15,12,38
7589,758.9,5,5,15,12,37
7590,759.0,6,6,15,12,39
7591,759.1,6,6,15,11,38
7592,759.2,6,5,15,12,38
7593,759.3,6,5,15,11,37
7594,759.4,6,5,15,12,38
7595,759.5,5,5,15,11,36
7596,759.6,5,6,14,12,37
7597,759.7,5,6,15,11,37
7598,759.8,5,6,15,11,37
7599,759.9,5,6,15,11,37
7600,760.0,5,5,15,11,36
7601,760.1,5,5,16,11,37
7602,760.2,4,6,16,11,37
7603,760.3,4,6,16,11,37
7604,760.4,4,6,16,11,37
7605,760.5,5,6,16,11,38
7606,760.6,5,6,16,11,38
7607,760.7,5,6,16,11,38
7608,760.8,5,6,16,11,38
7609,760.9,5,6,16,12,39
7610,761.0,5,6,16,12,39
7611,761.1,3,6,16,14,39
7612,761.2,3,6,17,13,39
7613,761.3,3,6,17,14,40
7614,761.4,3,6,17,14,40
7615,761.5,3,6,16,14,39
7616,761.6,3,5,16,13,37
7617,761.7,3,6,16,14,39
7618,761.8,3,5,17,14,39
7619,761.9,3,5,16,13,37
7620,762.0,3,3,16,14,36
7621,762.1,2,4,16,13,35
7622,762.2,2,5,16,14,37
7623,762.3,1,5,16,14,36
7624,762.4,1,6,17,13,37
7625,762.5,1,4,17,14,36
7626,762.6,1,4,17,13,35
7627,762.7,1,5,17,14,37
7628,762.8,1,5,16,13,35
7629,762.9,1,5,16,13,35
7630,763.0,1,5,16,14,36
7631,763.1,1,4,16,15,36
7632,763.2,1,4,17,14,36
7633,763.3,1,5,16,15,37
7634,763.4,1,5,17,14,37
7635,763.5,1,4,17,14,36
7636,763.6,1,3,16,14,34
7637,763.7,2,4,16,14,36
7638,763.8,2,4,16,14,36
7639,763.9,2,5,17,14,38
7640,764.0,2,5,17,14,38
7641,764.1,1,4,16,13,34
7642,764.2,2,4,17,14,37
7643,764.3,2,4,17,14,37
7644,764.4,2,4,17,13,36
7645,764.5,1,4,17,15,37
7646,764.6,1,4,17,15,37
7647,764.7,1,4,17,15,37
7648,764.8,1,4,17,15,37
7649,764.9,2,4,17,15,38
7650,765.0,2,4,17,15,38
7651,765.1,2,5,17,15,39
7652,765.2,2,5,17,17,41
7653,765.3,2,5,17,17,41
7654,765.4,1,5,17,16,39
7655,765.5,0,5,17,16,38
7656,765.6,1,5,16,16,38
7657,765.7,1,4,16,16,37
7658,765.8,0,5,16,16,37
7659,765.9,0,5,16,17,38
7660,766.0,0,5,16,17,38
7661,766.1,0,5,16,17,38
7662,766.2,0,5,16,17,38
7663,766.3,0,5,16,17,38
7664,766.4,1,5,16,17,39
7665,766.5,1,5,16,17,39
7666,766.6,1,5,16,17,39
7667,766.7,0,5,16,18,39
7668,766.8,0,5,16,18,39
7669,766.9,1,5,16,18,40
7670,767.0,0,5,16,18,39
7671,767.1,1,5,16,18,40
7672,767.2,1,5,16,18,40
7673,767.3,1,5,17,18,41
7674,767.4,1,5,18,18,42
7675,767.5,1,4,18,18,41
7676,767.6,0,4,18,18,40
7677,767.7,0,4,18,19,41
7678,767.8,1,5,18,18,42
7679,767.9,0,5,18,18,41
7680,768.0,0,5,18,18,41
7681,768.1,1,5,19,19,44
7682,768.2,1,5,19,19,44
7683,768.3,1,5,19,19,44
7684,768.4,1,5,18,19,43
7685,768.5,0,5,19,19,43
7686,768.6,0,5,19,18,42
7687,768.7,0,5,19,18,42
7688,768.8,0,5,19,18,42
7689,768.9,0,5,18,18,41
7690,769.0,0,5,18,18,41
7691,769.1,0,5,18,18,41
7692,769.2,0,5,18,17,40
7693,769.3,0,4,19,17,40
7694,769.4,0,4,19,17,40
7695,769.5,0,4,20,17,41
7696,769.6,0,4,20,18,42
7697,769.7,0,4,19,17,40
7698,769.8,0,4,20,16,40
7699,769.9,0,4,19,16,39
7700,770.0,0,4,19,16,39
7701,770.1,0,4,21,16,41
7702,770.2,0,4,20,16,40
7703,770.3,0,3,21,16,40
7704,770.4,0,3,21,15,39
7705,770.5,0,3,20,16,39
7706,770.6,0,3,20,16,39
7707,770.7,0,3,20,16,39
7708,770.8,0,3,20,16,39
7709,770.9,0,3,20,16,39
7710,771.0,0,3,21,16,40
7711,771.1,0,3,21,16,40
7712,771.2,0,3,21,16,40
7713,771.3,0,3,20,15,38
7714,771.4,0,3,21,14,38
7715,771.5,0,3,21,15,39
7716,771.6,0,3,21,15,39
7717,771.7,0,3,21,14,38
7718,771.8,0,3,21,14,38
7719,771.9,0,3,21,14,38
7720,772.0,0,3,21,15,39
7721,772.1,0,3,21,14,38
7722,772.2,0,3,21,15,39
7723,772.3,0,2,21,15,38
7724,772.4,0,2,21,16,39
7725,772.5,0,2,21,17,40
7726,772.6,0,2,21,17,40
7727,772.7,0,2,21,16,39
7728,772.8,0,2,21,16,39
7729,772.9,0,2,22,16,40
7730,773.0,0,2,22,15,39
7731,773.1,0,2,22,15,39
7732,773.2,0,2,22,16,40
7733,773.3,0,2,22,16,40
7734,773.4,0,3,22,16,41
7735,773.5,0,3,22,17,42
7736,773.6,0,3,22,18,43
7737,773.7,0,3,22,18,43
7738,773.8,0,3,22,16,41
7739,773.9,0,3,22,16,41
7740,774.0,0,3,22,15,40
7741,774.1,0,3,22,15,40
7742,774.2,0,3,22,16,41
7743,774.3,0,3,22,16,41
7744,774.4,0,3,22,16,41
7745,774.5,0,3,22,16,41
7746,774.6,0,3,22,16,41
7747,774.7,0,3,22,16,41
7748,774.8,0,3,22,15,40
7749,774.9,0,3,22,15,40
7750,775.0,0,3,22,15,40
7751,775.1,0,3,22,16,41
7752,775.2,0,3,22,16,41
7753,775.3,0,3,22,15,40
7754,775.4,0,4,22,17,43
7755,775.5,0,4,22,17,43
7756,775.6,0,4,22,17,43
7757,775.7,0,4,22,16,42
7758,775.8,0,4,22,16,42
7759,775.9,0,4,22,16,42
7760,776.0,0,4,21,16,41
7761,776.1,0,4,21,17,42
7762,776.2,0,4,21,17,42
7763,776.3,0,4,21,17,42
7764,776.4,0,4,22,17,43
7765,776.5,0,4,22,17,43
7766,776.6,0,4,23,17,44
7767,776.7,0,5,23,17,45
7768,776.8,0,4,23,17,44
7769,776.9,0,4,23,17,44
7770,777.0,0,5,23,17,45
7771,777.1,0,5,23,17,45
7772,777.2,0,5,24,16,45
7773,777.3,0,5,24,16,45
7774,777.4,0,6,23,16,45
7775,777.5,0,6,23,16,45
7776,777.6,0,6,22,16,44
7777,777.7,0,6,23,16,45
7778,777.8,0,6,22,16,44
7779,777.9,0,6,23,16,45
7780,778.0,0,6,23,16,45
7781,778.1,0,6,23,16,45
7782,778.2,0,6,21,16,43
7783,778.3,0,7,21,17,45
7784,778.4,0,7,22,17,46
7785,778.5,0,7,22,18,47
7786,778.6,0,7,21,18,46
7787,778.7,0,7,21,18,46
7788,778.8,0,7,21,18,46
7789,778.9,0,7,22,17,46
7790,779.0,0,7,22,18,47
7791,779.1,0,7,22,18,47
7792,779.2,0,8,23,17,48
7793,779.3,0,8,22,18,48
7794,779.4,0,7,22,19,48
7795,779.5,0,8,23,19,50
7796,779.6,0,9,22,19,50
7797,779.7,0,10,22,19,51
7798,779.8,0,10,22,18,50
7799,779.9,0,10,22,19,51
7800,780.0,0,10,22,18,50
7801,780.1,0,9,22,19,50
7802,780.2,0,10,22,18,50
7803,780.3,0,9,22,17,48
7804,780.4,0,10,22,17,49
7805,780.5,0,9,22,18,49
7806,780.6,0,9,23,17,49
7807,780.7,0,10,22,17,49
7808,780.8,1,9,24,17,51
7809,780.9,1,9,24,17,51
7810,781.0,1,9,22,17,49
7811,781.1,1,9,22,16,48
7812,781.2,1,9,21,17,48
7813,781.3,1,9,23,18,51
7814,781.4,1,9,22,17,49
7815,781.5,1,9,22,17,49
7816,781.6,1,9,22,16,48
7817,781.7,1,9,22,17,49
7818,781.8,1,9,21,17,48
7819,781.9,1,9,22,17,49
7820,782.0,1,9,21,18,49
7821,782.1,1,9,21,17,48
7822,782.2,1,9,21,17,48
7823,782.3,1,9,22,17,49
7824,782.4,1,10,21,17,49
7825,782.5,1,10,21,20,52
7826,782.6,1,10,21,19,51
7827,782.7,1,11,22,19,53
7828,782.8,1,11,23,18,53
7829,782.9,1,10,23,17,51
7830,783.0,1,11,22,19,53
7831,783.1,1,11,22,20,54
7832,783.2,1,11,21,20,53
7833,783.3,1,11,22,19,53
7834,783.4,1,11,21,18,51
7835,783.5,1,11,22,19,53
7836,783.6,1,11,22,20,54
7837,783.7,1,11,23,21,56
7838,783.8,1,11,23,21,56
7839,783.9,1,10,23,20,54
7840,784.0,1,10,23,22,56
7841,784.1,1,10,23,22,56
7842,784.2,1,10,23,22,56
7843,784.3,1,10,23,21,55
7844,784.4,1,10,23,21,55
7845,784.5,1,10,23,21,55
7846,784.6,1,10,23,21,55
7847,784.7,1,10,23,19,53
7848,784.8,1,10,23,19,53
7849,784.9,1,10,23,18,52
7850,785.0,1,10,24,18,53
7851,785.1,1,10,24,18,53
7852,785.2,1,10,22,20,53
7853,785.3,1,10,22,20,53
7854,785.4,1,10,22,20,53
7855,785.5,1,10,22,19,52
7856,785.6,1,11,22,19,53
7857,785.7,1,11,23,19,54
7858,785.8,1,11,23,20,55
7859,785.9,1,11,23,20,55
7860,786.0,2,11,23,20,56
7861,786.1,2,11,23,20,56
7862,786.2,2,11,23,20,56
7863,786.3,2,10,22,20,54
7864,786.4,2,11,21,20,54
7865,786.5,2,11,21,16,50
7866,786.6,2,11,21,17,51
7867,786.7,2,11,20,16,49
7868,786.8,2,11,20,17,50
7869,786.9,2,11,20,17,50
7870,787.0,2,11,20,16,49
7871,787.1,2,10,20,15,47
7872,787.2,2,11,21,15,49
7873,787.3,2,11,22,15,50
7874,787.4,2,11,21,15,49
7875,787.5,2,10,23,14,49
7876,787.6,2,11,22,14,49
7877,787.7,2,10,21,13,46
7878,787.8,2,10,21,14,47
7879,787.9,2,10,21,14,47
7880,788.0,2,10,21,14,47
7881,788.1,2,10,21,14,47
7882,788.2,2,10,22,14,48
7883,788.3,2,10,21,13,46
7884,788.4,2,10,22,13,47
7885,788.5,2,11,22,13,48
7886,788.6,2,10,22,13,47
7887,788.7,2,10,21,12,45
7888,788.8,2,10,20,12,44
7889,788.9,2,10,21,12,45
7890,789.0,2,10,21,12,45
7891,789.1,2,10,21,11,44
7892,789.2,2,10,20,11,43
7893,789.3,2,10,21,12,45
7894,789.4,2,10,21,11,44
7895,789.5,2,10,21,12,45
7896,789.6,2,9,18,12,41
7897,789.7,2,9,18,11,40
7898,789.8,2,9,18,12,41
7899,789.9,2,9,18,12,41
7900,790.0,2,10,18,13,43
7901,790.1,2,10,18,13,43
7902,790.2,2,10,18,13,43
7903,790.3,2,11,18,12,43
7904,790.4,2,11,16,12,41
7905,790.5,2,11,17,12,42
7906,790.6,2,11,15,12,40
7907,790.7,2,11,15,12,40
7908,790.8,2,11,15,11,39
7909,790.9,2,11,15,11,39
7910,791.0,2,11,15,11,39
7911,791.1,2,11,15,11,39
7912,791.2,2,11,15,11,39
7913,791.3,2,11,15,12,40
7914,791.4,2,11,15,11,39
7915,791.5,2,10,15,10,37
7916,791.6,2,10,15,10,37
7917,791.7,2,10,15,10,37
7918,791.8,2,10,14,10,36
7919,791.9,2,10,14,9,35
7920,792.0,2,9,14,8,33
7921,792.1,2,9,15,8,34
7922,792.2,2,9,15,8,34
7923,792.3,2,9,15,8,34
7924,792.4,2,9,15,7,33
7925,792.5,2,9,15,7,33
7926,792.6,2,9,13,7,31
7927,792.7,2,9,13,7,31
7928,792.8,2,9,13,7,31
7929,792.9,2,9,14,7,32
7930,793.0,2,9,14,7,32
7931,793.1,2,8,14,9,33
7932,793.2,2,8,14,9,33
7933,793.3,2,8,15,9,34
7934,793.4,2,8,14,9,33
7935,793.5,2,8,14,8,32
7936,793.6,2,8,14,8,32
7937,793.7,2,8,13,8,31
7938,793.8,2,8,15,8,33
7939,793.9,2,8,13,8,31
7940,794.0,2,8,14,9,33
7941,794.1,2,8,13,9,32
7942,794.2,2,8,13,9,32
7943,794.3,2,8,14,9,33
7944,794.4,2,8,15,8,33
7945,794.5,2,8,15,7,32
7946,794.6,2,8,15,8,33
7947,794.7,2,8,15,8,33
7948,794.8,2,8,14,8,32
7949,794.9,2,8,15,8,33
7950,795.0,2,8,14,8,32
7951,795.1,2,8,14,8,32
7952,795.2,2,8,15,8,33
7953,795.3,2,8,15,8,33
7954,795.4,2,8,15,8,33
7955,795.5,2,9,15,6,32
7956,795.6,2,9,15,6,32
7957,795.7,2,9,15,6,32
7958,795.8,2,9,15,6,32
7959,795.9,2,9,15,6,32
7960,796.0,2,9,15,5,31
7961,796.1,2,9,14,3,28
7962,796.2,2,9,14,4,29
7963,796.3,2,8,14,4,28
7964,796.4,2,9,15,4,30
7965,796.5,2,9,15,5,31
7966,796.6,2,9,15,4,30
7967,796.7,2,9,15,4,30
7968,796.8,2,9,15,4,30
7969,796.9,2,10,15,4,31
7970,797.0,2,10,15,4,31
7971,797.1,2,10,15,4,31
7972,797.2,2,10,14,4,30
7973,797.3,2,10,14,5,31
7974,797.4,2,10,14,6,32
7975,797.5,2,11,14,6,33
7976,797.6,2,11,15,6,34
7977,797.7,2,10,15,6,33
7978,797.8,2,11,15,5,33
7979,797.9,2,11,15,4,32
7980,798.0,2,11,13,4,30
7981,798.1,2,11,12,4,29
7982,798.2,2,11,12,3,28
7983,798.3,2,10,13,3,28
7984,798.4,2,11,13,3,29
7985,798.5,2,11,13,3,29
7986,798.6,2,10,12,3,27
7987,798.7,2,10,12,3,27
7988,798.8,2,10,12,3,27
7989,798.9,2,10,12,3,27
7990,799.0,2,10,11,3,26
7991,799.1,2,10,11,3,26
7992,799.2,2,10,11,3,26
7993,799.3,2,10,12,3,27
7994,799.4,2,10,12,3,27
7995,799.5,2,10,12,3,27
7996,799.6,2,11,12,3,28
7997,799.7,2,11,11,3,27
7998,799.8,2,10,11,3,26
7999,799.9,2,11,12,0,25
8000,800.0,2,11,11,0,24
8001,800.1,2,12,11,2,27
8002,800.2,2,12,11,2,27
8003,800.3,2,12,12,3,29
8004,800.4,2,12,11,3,28
8005,800.5,2,12,11,3,28
8006,800.6,2,12,11,3,28
8007,800.7,2,12,11,3,28
8008,800.8,2,12,11,3,28
8009,800.9,2,12,11,3,28
8010,801.0,2,12,11,4,29
8011,801.1,2,12,11,4,29
8012,801.2,2,12,11,4,29
8013,801.3,2,12,11,4,29
8014,801.4,2,12,11,4,29
8015,801.5,2,12,11,4,29
8016,801.6,2,12,11,4,29
8017,801.7,2,12,11,4,29
8018,801.8,2,12,11,4,29
8019,801.9,2,12,11,4,29
8020,802.0,2,12,11,4,29
8021,802.1,2,12,11,5,30
8022,802.2,2,12,11,4,29
8023,802.3,2,12,11,4,29
8024,802.4,2,12,9,4,27
8025,802.5,2,12,9,4,27
8026,802.6,2,13,9,4,28
8027,802.7,2,12,9,4,27
8028,802.8,2,12,9,4,27
8029,802.9,2,11,9,4,26
8030,803.0,2,11,9,3,25
8031,803.1,2,11,9,3,25
8032,803.2,2,11,9,3,25
8033,803.3,2,10,9,3,24
8034,803.4,2,10,9,3,24
8035,803.5,2,10,9,3,24
8036,803.6,2,10,9,3,24
8037,803.7,2,10,9,3,24
8038,803.8,2,10,9,3,24
8039,803.9,2,10,9,3,24
8040,804.0,2,10,9,3,24
8041,804.1,3,11,9,3,26
8042,804.2,3,10,10,3,26
8043,804.3,3,10,10,3,26
8044,804.4,3,11,10,4,28
8045,804.5,3,11,10,5,29
8046,804.6,3,11,10,5,29
8047,804.7,3,10,10,5,28
8048,804.8,3,10,11,4,28
8049,804.9,3,11,11,4,29
8050,805.0,4,11,11,5,31
8051,805.1,4,11,11,4,30
8052,805.2,5,10,11,4,30
8053,805.3,5,10,11,4,30
8054,805.4,5,10,11,4,30
8055,805.5,5,11,11,4,31
8056,805.6,6,10,11,4,31
8057,805.7,6,10,11,4,31
8058,805.8,6,10,11,4,31
8059,805.9,6,11,11,4,32
8060,806.0,6,12,11,3,32
8061,806.1,6,11,11,3,31
8062,806.2,6,10,10,3,29
8063,806.3,6,12,10,3,31
8064,806.4,6,12,10,3,31
8065,806.5,6,11,10,4,31
8066,806.6,6,12,10,4,32
8067,806.7,6,11,10,4,31
8068,806.8,6,12,10,4,32
8069,806.9,6,12,9,4,31
8070,807.0,6,11,9,3,29
8071,807.1,6,11,10,3,30
8072,807.2,6,11,10,3,30
8073,807.3,6,11,10,3,30
8074,807.4,6,11,9,3,29
8075,807.5,6,11,9,3,29
8076,807.6,6,11,9,3,29
8077,807.7,6,11,10,3,30
8078,807.8,6,11,10,3,30
8079,807.9,6,11,11,3,31
8080,808.0,6,11,11,3,31
8081,808.1,6,10,11,3,30
8082,808.2,6,10,11,2,29
8083,808.3,6,11,11,2,30
8084,808.4,6,11,11,2,30
8085,808.5,6,11,11,2,30
8086,808.6,6,10,11,2,29
8087,808.7,6,11,11,2,30
8088,808.8,7,11,11,2,31
8089,808.9,7,11,11,2,31
8090,809.0,7,11,11,2,31
8091,809.1,7,11,11,2,31
8092,809.2,7,10,11,2,30
8093,809.3,7,10,12,2,31
8094,809.4,7,11,12,1,31
8095,809.5,7,11,12,1,31
8096,809.6,7,11,12,1,31
8097,809.7,7,10,12,1,30
8098,809.8,7,10,12,1,30
8099,809.9,7,10,12,1,30
8100,810.0,8,10,12,1,31
8101,810.1,9,10,11,1,31
8102,810.2,9,10,12,1,32
8103,810.3,9,10,13,1,33
8104,810.4,9,9,13,1,32
8105,810.5,9,9,12,1,31
8106,810.6,8,9,12,1,30
8107,810.7,8,9,12,1,30
8108,810.8,7,9,12,1,29
8109,810.9,8,9,12,1,30
8110,811.0,8,9,12,1,30
8111,811.1,9,9,12,1,31
8112,811.2,9,9,12,1,31
8113,811.3,9,9,11,1,30
8114,811.4,9,9,10,1,29
8115,811.5,9,9,10,1,29
8116,811.6,9,9,10,1,29
8117,811.7,9,9,10,1,29
8118,811.8,9,9,10,1,29
8119,811.9,9,9,10,1,29
8120,812.0,9,9,10,1,29
8121,812.1,9,9,10,1,29
8122,812.2,9,9,10,1,29
8123,812.3,9,9,10,1,29
8124,812.4,9,9,10,0,28
8125,812.5,9,9,10,0,28
8126,812.6,9,9,9,0,27
8127,812.7,9,9,9,0,27
8128,812.8,9,9,10,0,28
8129,812.9,9,9,11,0,29
8130,813.0,10,9,11,0,30
8131,813.1,10,10,11,0,31
8132,813.2,10,10,11,0,31
8133,813.3,10,10,10,0,30
8134,813.4,11,10,10,0,31
8135,813.5,10,10,9,0,29
8136,813.6,11,10,9,0,30
8137,813.7,11,10,9,0,30
8138,813.8,11,10,9,0,30
8139,813.9,11,10,9,0,30
8140,814.0,11,10,8,0,29
8141,814.1,11,10,8,0,29
8142,814.2,11,10,10,0,31
8143,814.3,10,10,10,0,30
8144,814.4,11,10,10,0,31
8145,814.5,11,10,10,0,31
8146,814.6,11,10,10,0,31
8147,814.7,11,10,10,0,31
8148,814.8,11,10,10,0,31
8149,814.9,11,10,10,0,31
8150,815.0,11,10,10,0,31
8151,815.1,11,10,10,0,31
8152,815.2,11,10,10,0,31
8153,815.3,11,10,10,0,31
8154,815.4,11,10,10,0,31
8155,815.5,11,10,10,0,31
8156,815.6,11,10,10,0,31
8157,815.7,10,10,9,0,29
8158,815.8,10,10,9,0,29
8159,815.9,10,10,9,0,29
8160,816.0,10,10,9,0,29
8161,816.1,10,10,9,0,29
8162,816.2,10,10,9,0,29
8163,816.3,10,10,9,0,29
8164,816.4,10,10,9,0,29
8165,816.5,10,10,9,0,29
8166,816.6,10,10,9,0,29
8167,816.7,9,10,9,0,28
8168,816.8,9,10,9,0,28
8169,816.9,10,10,9,0,29
8170,817.0,10,11,8,0,29
8171,817.1,9,11,9,0,29
8172,817.2,10,11,8,0,29
8173,817.3,10,11,10,0,31
8174,817.4,10,11,10,0,31
8175,817.5,10,10,10,0,30
8176,817.6,10,10,9,0,29
8177,817.7,10,10,10,0,30
8178,817.8,10,10,10,0,30
8179,817.9,10,10,10,0,30
8180,818.0,10,11,10,0,31
8181,818.1,10,11,10,0,31
8182,818.2,10,10,10,0,30
8183,818.3,10,11,10,0,31
8184,818.4,10,11,10,0,31
8185,818.5,10,11,10,0,31
8186,818.6,10,11,10,0,31
8187,818.7,10,11,9,0,30
8188,818.8,9,11,10,0,30
8189,818.9,9,11,9,0,29
8190,819.0,9,11,9,0,29
8191,819.1,9,10,9,0,28
8192,819.2,9,10,9,0,28
8193,819.3,10,10,10,0,30
8194,819.4,10,10,10,0,30
8195,819.5,10,10,10,0,30
8196,819.6,10,10,10,0,30
8197,819.7,10,10,10,0,30
8198,819.8,10,10,10,0,30
8199,819.9,9,10,11,0,30
8200,820.0,9,10,11,0,30
8201,820.1,9,10,11,0,30
8202,820.2,9,10,11,0,30
8203,820.3,9,10,11,0,30
8204,820.4,9,10,11,0,30
8205,820.5,9,10,11,0,30
8206,820.6,9,10,11,0,30
8207,820.7,9,9,11,0,29
8208,820.8,10,9,11,0,30
8209,820.9,10,9,11,0,30
8210,821.0,10,9,11,0,30
8211,821.1,9,9,12,0,30
8212,821.2,10,9,12,1,32
8213,821.3,10,9,12,1,32
8214,821.4,10,10,12,2,34
8215,821.5,10,10,12,2,34
8216,821.6,9,10,11,2,32
8217,821.7,9,10,11,2,32
8218,821.8,9,10,11,2,32
8219,821.9,9,10,12,2,33
8220,822.0,9,10,11,2,32
8221,822.1,9,10,12,1,32
8222,822.2,9,10,12,2,33
8223,822.3,9,10,12,1,32
8224,822.4,9,10,12,2,33
8225,822.5,9,10,12,1,32
8226,822.6,9,10,12,1,32
8227,822.7,9,10,12,1,32
8228,822.8,9,10,12,2,33
8229,822.9,9,9,12,2,32
8230,823.0,9,9,12,2,32
8231,823.1,9,9,12,2,32
8232,823.2,9,9,12,2,32
8233,823.3,9,9,12,2,32
8234,823.4,9,9,12,3,33
8235,823.5,9,9,12,3,33
8236,823.6,9,9,12,3,33
8237,823.7,9,9,12,3,33
8238,823.8,10,9,12,3,34
8239,823.9,9,9,13,3,34
8240,824.0,9,9,13,3,34
8241,824.1,9,9,13,3,34
8242,824.2,9,9,14,3,35
8243,824.3,9,9,14,3,35
8244,824.4,8,9,14,3,34
8245,824.5,8,9,15,3,35
8246,824.6,9,9,15,3,36
8247,824.7,8,9,15,3,35
8248,824.8,8,9,15,3,35
8249,824.9,8,9,15,3,35
8250,825.0,9,9,15,3,36
8251,825.1,9,9,15,3,36
8252,825.2,9,9,14,3,35
8253,825.3,9,9,14,3,35
8254,825.4,9,9,15,3,36
8255,825.5,9,9,14,3,35
8256,825.6,9,9,14,3,35
8257,825.7,9,9,14,3,35
8258,825.8,10,8,14,3,35
8259,825.9,8,8,13,3,32
8260,826.0,8,9,13,3,33
8261,826.1,9,9,14,3,35
8262,826.2,9,9,14,3,35
8263,826.3,9,9,14,3,35
8264,826.4,10,8,14,4,36
8265,826.5,10,9,15,4,38
8266,826.6,10,9,15,5,39
8267,826.7,10,9,14,5,38
8268,826.8,10,9,15,5,39
8269,826.9,10,8,16,5,39
8270,827.0,10,9,14,5,38
8271,827.1,10,9,14,5,38
8272,827.2,10,9,15,5,39
8273,827.3,10,9,15,5,39
8274,827.4,10,9,15,5,39
8275,827.5,10,9,15,5,39
8276,827.6,10,9,15,5,39
8277,827.7,10,9,15,5,39
8278,827.8,10,9,15,6,40
8279,827.9,10,8,15,6,39
8280,828.0,10,8,15,6,39
8281,828.1,10,8,15,6,39
8282,828.2,10,8,15,6,39
8283,828.3,10,7,15,6,38
8284,828.4,10,7,15,6,38
8285,828.5,10,7,15,6,38
8286,828.6,9,7,15,4,35
8287,828.7,9,7,15,4,35
8288,828.8,9,7,15,4,35
8289,828.9,9,7,15,4,35
8290,829.0,9,7,15,4,35
8291,829.1,9,7,15,4,35
8292,829.2,9,7,15,5,36
8293,829.3,8,7,15,5,35
8294,829.4,8,7,15,5,35
8295,829.5,9,7,15,5,36
8296,829.6,9,7,15,5,36
8297,829.7,9,7,15,5,36
8298,829.8,9,7,15,5,36
8299,829.9,9,7,15,5,36
8300,830.0,9,8,15,5,37
8301,830.1,9,8,14,4,35
8302,830.2,9,8,14,4,35
8303,830.3,9,8,14,4,35
8304,830.4,9,8,14,4,35
8305,830.5,9,8,14,4,35
8306,830.6,9,8,14,3,34
8307,830.7,9,8,14,3,34
8308,830.8,9,8,14,2,33
8309,830.9,8,8,14,2,32
8310,831.0,7,8,14,2,31
8311,831.1,7,8,14,2,31
8312,831.2,7,8,14,2,31
8313,831.3,7,8,14,3,32
8314,831.4,7,8,14,3,32
8315,831.5,7,7,14,3,31
8316,831.6,7,8,14,3,32
8317,831.7,7,8,14,4,33
8318,831.8,7,8,14,4,33
8319,831.9,7,8,14,3,32
8320,832.0,7,8,13,2,30
8321,832.1,7,8,13,2,30
8322,832.2,7,8,13,2,30
8323,832.3,7,8,13,2,30
8324,832.4,7,8,13,2,30
8325,832.5,7,8,13,3,31
8326,832.6,7,8,13,3,31
8327,832.7,7,8,13,3,31
8328,832.8,7,8,13,3,31
8329,832.9,7,8,13,3,31
8330,833.0,7,8,13,3,31
8331,833.1,7,8,13,3,31
8332,833.2,7,8,13,3,31
8333,833.3,7,8,13,3,31
8334,833.4,7,8,13,3,31
8335,833.5,6,8,13,3,30
8336,833.6,6,8,13,4,31
8337,833.7,6,8,13,3,30
8338,833.8,6,8,13,4,31
8339,833.9,6,8,13,4,31
8340,834.0,7,8,13,4,32
8341,834.1,8,8,14,4,34
8342,834.2,8,8,14,4,34
8343,834.3,8,8,13,4,33
8344,834.4,7,8,13,4,32
8345,834.5,6,8,13,4,31
8346,834.6,6,8,13,4,31
8347,834.7,6,8,13,4,31
8348,834.8,6,8,13,4,31
8349,834.9,6,8,13,4,31
8350,835.0,6,8,13,4,31
8351,835.1,6,8,13,4,31
8352,835.2,6,8,13,4,31
8353,835.3,6,8,13,4,31
8354,835.4,7,8,13,4,32
8355,835.5,7,8,13,4,32
8356,835.6,7,8,12,4,31
8357,835.7,7,8,12,4,31
8358,835.8,7,8,12,4,31
8359,835.9,7,8,12,4,31
8360,836.0,7,8,12,4,31
8361,836.1,7,8,12,4,31
8362,836.2,7,8,12,4,31
8363,836.3,7,8,12,4,31
8364,836.4,7,8,12,4,31
8365,836.5,7,8,12,4,31
8366,836.6,7,8,12,4,31
8367,836.7,7,8,12,4,31
8368,836.8,7,8,12,5,32
8369,836.9,7,8,12,5,32
8370,837.0,7,8,12,5,32
8371,837.1,7,8,11,5,31
8372,837.2,7,8,11,5,31
8373,837.3,7,8,11,5,31
8374,837.4,7,8,11,5,31
8375,837.5,7,8,11,5,31
8376,837.6,6,8,11,5,30
8377,837.7,6,8,11,5,30
8378,837.8,6,8,11,5,30
8379,837.9,7,8,11,5,31
8380,838.0,6,8,11,5,30
8381,838.1,7,8,11,5,31
8382,838.2,7,8,11,5,31
8383,838.3,7,8,11,5,31
8384,838.4,8,8,11,5,32
8385,838.5,8,8,11,5,32
8386,838.6,8,8,11,5,32
8387,838.7,8,8,11,5,32
8388,838.8,8,8,11,5,32
8389,838.9,8,8,11,5,32
8390,839.0,8,8,11,5,32
8391,839.1,8,8,11,5,32
8392,839.2,8,8,11,5,32
8393,839.3,8,8,11,5,32
8394,839.4,8,8,13,6,35
8395,839.5,8,8,13,6,35
8396,839.6,8,8,13,6,35
8397,839.7,8,8,13,6,35
8398,839.8,8,8,12,6,34
8399,839.9,8,8,12,6,34
8400,840.0,8,8,12,6,34
8401,840.1,8,8,13,6,35
8402,840.2,8,8,11,6,33
8403,840.3,8,8,11,6,33
8404,840.4,8,8,12,6,34
8405,840.5,8,8,11,5,32
8406,840.6,8,8,12,6,34
8407,840.7,8,8,13,5,34
8408,840.8,8,9,13,6,36
8409,840.9,8,9,13,6,36
8410,841.0,8,9,12,6,35
8411,841.1,8,9,11,6,34
8412,841.2,8,9,13,6,36
8413,841.3,8,9,12,6,35
8414,841.4,8,9,12,6,35
8415,841.5,8,9,12,6,35
8416,841.6,8,9,12,6,35
8417,841.7,8,9,13,6,36
8418,841.8,8,9,12,6,35
8419,841.9,8,9,12,6,35
8420,842.0,7,9,11,6,33
8421,842.1,7,9,11,6,33
8422,842.2,7,9,11,6,33
8423,842.3,7,9,11,6,33
8424,842.4,7,9,11,6,33
8425,842.5,7,9,12,6,34
8426,842.6,8,9,12,7,36
8427,842.7,8,9,12,7,36
8428,842.8,8,9,11,7,35
8429,842.9,8,9,11,7,35
8430,843.0,8,9,11,7,35
8431,843.1,8,9,11,7,35
8432,843.2,8,9,13,7,37
8433,843.3,8,10,13,7,38
8434,843.4,8,10,13,7,38
8435,843.5,8,10,10,7,35
8436,843.6,8,10,12,7,37
8437,843.7,8,10,13,7,38
8438,843.8,8,10,13,7,38
8439,843.9,8,10,12,7,37
8440,844.0,8,10,12,7,37
8441,844.1,7,10,13,7,37
8442,844.2,7,10,13,6,36
8443,844.3,7,10,13,7,37
8444,844.4,7,10,13,7,37
8445,844.5,7,10,13,8,38
8446,844.6,7,10,13,8,38
8447,844.7,7,10,13,8,38
8448,844.8,7,9,13,8,37
8449,844.9,7,9,13,8,37
8450,845.0,7,9,13,8,37
8451,845.1,7,9,13,8,37
8452,845.2,7,9,13,7,36
8453,845.3,7,9,14,8,38
8454,845.4,7,9,14,8,38
8455,845.5,7,9,14,8,38
8456,845.6,6,8,14,8,36
8457,845.7,6,8,14,8,36
8458,845.8,7,8,14,8,37
8459,845.9,7,9,14,8,38
8460,846.0,7,9,14,8,38
8461,846.1,7,9,14,8,38
8462,846.2,7,9,14,7,37
8463,846.3,7,9,14,7,37
8464,846.4,7,10,13,7,37
8465,846.5,7,9,14,7,37
8466,846.6,7,8,15,7,37
8467,846.7,7,8,14,7,36
8468,846.8,7,8,14,7,36
8469,846.9,7,8,14,7,36
8470,847.0,7,8,15,7,37
8471,847.1,7,8,14,8,37
8472,847.2,7,7,15,8,37
8473,847.3,7,7,14,8,36
8474,847.4,7,7,15,8,37
8475,847.5,7,7,15,8,37
8476,847.6,7,6,15,8,36
8477,847.7,6,6,15,8,35
8478,847.8,5,8,14,9,36
8479,847.9,5,8,14,8,35
8480,848.0,5,8,16,8,37
8481,848.1,5,8,14,8,35
8482,848.2,6,8,15,8,37
8483,848.3,6,8,15,8,37
8484,848.4,6,6,15,8,35
8485,848.5,6,6,14,9,35
8486,848.6,6,6,14,9,35
8487,848.7,6,5,14,9,34
8488,848.8,6,5,15,9,35
8489,848.9,6,5,15,9,35
8490,849.0,6,3,15,8,32
8491,849.1,6,3,16,8,33
8492,849.2,6,3,15,7,31
8493,849.3,6,3,15,7,31
8494,849.4,6,3,16,7,32
8495,849.5,6,3,16,8,33
8496,849.6,6,3,15,8,32
8497,849.7,5,3,15,8,31
8498,849.8,6,2,15,8,31
8499,849.9,5,2,14,8,29
8500,850.0,5,4,14,8,31
8501,850.1,5,4,14,8,31
8502,850.2,5,3,13,8,29
8503,850.3,5,3,14,8,30
8504,850.4,5,3,14,7,29
8505,850.5,5,3,14,8,30
8506,850.6,6,3,15,8,32
8507,850.7,6,3,14,7,30
8508,850.8,7,3,15,7,32
8509,850.9,7,3,16,6,32
8510,851.0,7,3,16,6,32
8511,851.1,8,3,16,7,34
8512,851.2,8,3,14,7,32
8513,851.3,9,3,14,7,33
8514,851.4,9,3,15,7,34
8515,851.5,9,3,15,7,34
8516,851.6,8,3,14,8,33
8517,851.7,8,3,13,9,33
8518,851.8,8,3,15,10,36
8519,851.9,8,3,16,10,37
8520,852.0,8,3,15,10,36
8521,852.1,8,3,15,10,36
8522,852.2,8,3,15,10,36
8523,852.3,8,2,14,9,33
8524,852.4,8,3,15,9,35
8525,852.5,8,3,15,10,36
8526,852.6,8,3,16,10,37
8527,852.7,8,3,16,10,37
8528,852.8,8,2,14,10,34
8529,852.9,8,2,14,10,34
8530,853.0,8,2,12,10,32
8531,853.1,8,2,13,10,33
8532,853.2,8,2,13,10,33
8533,853.3,8,2,14,10,34
8534,853.4,8,2,15,10,35
8535,853.5,8,2,16,10,36
8536,853.6,8,2,17,10,37
8537,853.7,8,2,17,10,37
8538,853.8,8,2,14,10,34
8539,853.9,8,2,15,10,35
8540,854.0,7,2,16,9,34
8541,854.1,7,1,16,10,34
8542,854.2,7,1,17,9,34
8543,854.3,7,1,15,9,32
8544,854.4,7,1,15,9,32
8545,854.5,7,1,15,9,32
8546,854.6,7,1,14,9,31
8547,854.7,7,1,15,9,32
8548,854.8,7,1,15,8,31
8549,854.9,7,1,16,9,33
8550,855.0,7,1,16,10,34
8551,855.1,7,1,16,10,34
8552,855.2,7,1,16,10,34
8553,855.3,7,1,17,10,35
8554,855.4,7,1,17,10,35
8555,855.5,8,1,16,10,35
8556,855.6,8,1,15,10,34
8557,855.7,8,1,15,10,34
8558,855.8,8,1,14,9,32
8559,855.9,7,1,15,9,32
8560,856.0,7,1,13,9,30
8561,856.1,7,1,15,10,33
8562,856.2,7,1,16,9,33
8563,856.3,6,1,15,9,31
8564,856.4,5,1,16,9,31
8565,856.5,6,1,16,9,32
8566,856.6,6,1,16,9,32
8567,856.7,6,1,15,9,31
8568,856.8,6,1,15,9,31
8569,856.9,6,1,14,9,30
8570,857.0,6,1,14,9,30
8571,857.1,6,1,15,9,31
8572,857.2,6,1,16,9,32
8573,857.3,6,1,16,9,32
8574,857.4,6,1,15,9,31
8575,857.5,5,1,15,9,30
8576,857.6,6,1,16,8,31
8577,857.7,8,1,14,8,31
8578,857.8,7,1,17,8,33
8579,857.9,7,1,16,8,32
8580,858.0,7,1,15,8,31
8581,858.1,8,1,16,8,33
8582,858.2,7,1,16,8,32
8583,858.3,8,1,15,8,32
8584,858.4,8,1,14,8,31
8585,858.5,7,0,15,8,30
8586,858.6,8,0,16,8,32
8587,858.7,8,0,17,7,32
8588,858.8,8,0,16,8,32
8589,858.9,8,0,16,8,32
8590,859.0,8,0,17,8,33
8591,859.1,8,0,17,9,34
8592,859.2,8,0,16,9,33
8593,859.3,8,0,14,9,31
8594,859.4,8,0,15,9,32
8595,859.5,8,0,15,9,32
8596,859.6,7,0,15,9,31
8597,859.7,7,0,16,9,32
8598,859.8,6,0,17,9,32
8599,859.9,6,0,17,9,32
8600,860.0,6,0,16,9,31
8601,860.1,5,0,16,9,30
8602,860.2,5,0,15,9,29
8603,860.3,4,0,12,9,25
8604,860.4,4,0,13,9,26
8605,860.5,4,0,15,9,28
8606,860.6,4,0,15,9,28
8607,860.7,4,0,13,9,26
8608,860.8,4,0,16,9,29
8609,860.9,4,0,15,9,28
8610,861.0,4,0,15,9,28
8611,861.1,4,0,14,9,27
8612,861.2,5,0,15,9,29
8613,861.3,5,0,15,9,29
8614,861.4,5,0,15,9,29
8615,861.5,5,0,15,9,29
8616,861.6,5,0,15,9,29
8617,861.7,5,0,14,9,28
8618,861.8,5,0,15,9,29
8619,861.9,5,0,15,9,29
8620,862.0,5,0,15,9,29
8621,862.1,5,0,15,9,29
8622,862.2,5,0,14,9,28
8623,862.3,5,0,13,9,27
8624,862.4,5,0,13,9,27
8625,862.5,5,0,14,9,28
8626,862.6,5,0,15,9,29
8627,862.7,5,0,14,10,29
8628,862.8,5,0,13,11,29
8629,862.9,4,0,12,11,27
8630,863.0,4,1,13,11,29
8631,863.1,4,1,14,11,30
8632,863.2,4,1,14,11,30
8633,863.3,4,1,14,11,30
8634,863.4,4,2,14,11,31
8635,863.5,4,2,15,11,32
8636,863.6,4,2,15,11,32
8637,863.7,4,3,15,11,33
8638,863.8,4,3,14,11,32
8639,863.9,4,3,14,11,32
8640,864.0,4,3,14,11,32
8641,864.1,4,3,15,11,33
8642,864.2,4,3,14,11,32
8643,864.3,4,3,14,11,32
8644,864.4,4,3,15,11,33
8645,864.5,4,3,14,10,31
8646,864.6,4,3,15,10,32
8647,864.7,4,3,14,10,31
8648,864.8,4,3,14,10,31
8649,864.9,4,3,14,10,31
8650,865.0,4,3,14,10,31
8651,865.1,4,3,14,11,32
8652,865.2,4,3,14,11,32
8653,865.3,3,3,15,11,32
8654,865.4,3,3,14,11,31
8655,865.5,3,3,14,11,31
8656,865.6,3,2,14,11,30
8657,865.7,3,2,13,11,29
8658,865.8,3,2,14,10,29
8659,865.9,3,2,13,10,28
8660,866.0,3,2,15,10,30
8661,866.1,3,2,15,10,30
8662,866.2,3,2,15,11,31
8663,866.3,3,2,15,11,31
8664,866.4,3,2,15,11,31
8665,866.5,2,2,14,11,29
8666,866.6,2,2,15,10,29
8667,866.7,2,3,15,11,31
8668,866.8,2,3,15,11,31
8669,866.9,2,3,14,12,31
8670,867.0,2,3,14,12,31
8671,867.1,2,3,15,12,32
8672,867.2,2,3,16,12,33
8673,867.3,2,3,16,12,33
8674,867.4,2,3,15,12,32
8675,867.5,2,3,15,12,32
8676,867.6,2,3,15,12,32
8677,867.7,2,3,16,12,33
8678,867.8,2,3,16,12,33
8679,867.9,2,3,15,12,32
8680,868.0,2,3,15,12,32
8681,868.1,2,3,15,12,32
8682,868.2,2,3,15,12,32
8683,868.3,2,3,15,11,31
8684,868.4,2,3,15,11,31
8685,868.5,2,1,15,11,29
8686,868.6,2,1,15,11,29
8687,868.7,2,1,15,11,29
8688,868.8,2,1,14,11,28
8689,868.9,2,1,14,12,29
8690,869.0,2,1,14,12,29
8691,869.1,2,1,14,12,29
8692,869.2,2,1,14,13,30
8693,869.3,2,1,15,13,31
8694,869.4,2,1,14,13,30
8695,869.5,2,1,14,13,30
8696,869.6,2,0,15,13,30
8697,869.7,2,0,14,13,29
8698,869.8,2,0,14,13,29
8699,869.9,2,0,15,13,30
8700,870.0,2,0,15,13,30
8701,870.1,2,0,15,13,30
8702,870.2,2,0,14,13,29
8703,870.3,2,0,13,13,28
8704,870.4,2,0,12,13,27
8705,870.5,2,0,14,13,29
8706,870.6,2,0,13,13,28
8707,870.7,2,0,13,13,28
8708,870.8,2,0,13,14,29
8709,870.9,2,0,13,13,28
8710,871.0,2,0,13,14,29
8711,871.1,2,0,13,13,28
8712,871.2,2,0,13,13,28
8713,871.3,2,0,13,13,28
8714,871.4,2,0,13,14,29
8715,871.5,2,0,13,14,29
8716,871.6,2,0,13,14,29
8717,871.7,2,0,14,14,30
8718,871.8,2,0,15,14,31
8719,871.9,2,0,14,14,30
8720,872.0,2,0,15,14,31
8721,872.1,2,0,14,14,30
8722,872.2,2,0,14,14,30
8723,872.3,2,0,14,14,30
8724,872.4,2,0,14,14,30
8725,872.5,2,0,15,14,31
8726,872.6,2,0,14,14,30
8727,872.7,2,0,13,14,29
8728,872.8,2,0,13,14,29
8729,872.9,2,0,13,14,29
8730,873.0,2,0,13,14,29
8731,873.1,2,0,13,14,29
8732,873.2,2,0,13,14,29
8733,873.3,2,0,13,14,29
8734,873.4,2,0,13,14,29
8735,873.5,2,0,14,14,30
8736,873.6,2,0,15,14,31
8737,873.7,2,0,16,13,31
8738,873.8,2,0,16,13,31
8739,873.9,2,0,14,14,30
8740,874.0,2,0,16,14,32
8741,874.1,2,0,16,14,32
8742,874.2,2,0,16,14,32
8743,874.3,2,0,16,13,31
8744,874.4,2,0,15,14,31
8745,874.5,2,0,16,13,31
8746,874.6,2,0,16,15,33
8747,874.7,2,0,15,14,31
8748,874.8,2,0,14,15,31
8749,874.9,2,0,16,15,33
8750,875.0,2,0,16,15,33
8751,875.1,2,0,16,15,33
8752,875.2,2,0,16,14,32
8753,875.3,2,0,16,14,32
8754,875.4,2,0,15,14,31
8755,875.5,2,0,15,14,31
8756,875.6,2,1,14,14,31
8757,875.7,2,1,14,14,31
8758,875.8,2,1,15,14,32
8759,875.9,2,1,15,14,32
8760,876.0,2,1,15,14,32
8761,876.1,2,1,15,14,32
8762,876.2,2,1,16,14,33
8763,876.3,2,1,15,15,33
8764,876.4,2,1,14,15,32
8765,876.5,2,1,14,16,33
8766,876.6,2,1,16,16,35
8767,876.7,2,1,14,16,33
8768,876.8,2,1,15,16,34
8769,876.9,2,0,14,15,31
8770,877.0,2,0,14,16,32
8771,877.1,2,0,15,16,33
8772,877.2,2,0,16,16,34
8773,877.3,2,0,14,16,32
8774,877.4,2,0,13,15,30
8775,877.5,2,0,15,16,33
8776,877.6,2,0,14,15,31
8777,877.7,3,0,16,15,34
8778,877.8,3,0,16,16,35
8779,877.9,3,0,16,16,35
8780,878.0,3,0,15,16,34
8781,878.1,3,0,15,16,34
8782,878.2,3,0,15,14,32
8783,878.3,3,0,15,15,33
8784,878.4,3,0,15,15,33
8785,878.5,3,0,15,15,33
8786,878.6,3,0,14,16,33
8787,878.7,3,0,15,15,33
8788,878.8,3,0,16,15,34
8789,878.9,3,0,14,14,31
8790,879.0,3,0,14,16,33
8791,879.1,3,0,15,16,34
8792,879.2,3,0,16,16,35
8793,879.3,3,0,16,16,35
8794,879.4,3,0,15,17,35
8795,879.5,3,0,15,16,34
8796,879.6,3,0,14,16,33
8797,879.7,3,0,14,16,33
8798,879.8,3,0,15,15,33
8799,879.9,3,0,14,16,33
8800,880.0,3,0,14,16,33
8801,880.1,3,0,15,16,34
8802,880.2,3,0,15,16,34
8803,880.3,3,0,16,16,35
8804,880.4,3,0,16,16,35
8805,880.5,3,0,16,15,34
8806,880.6,3,0,16,15,34
8807,880.7,3,0,16,15,34
8808,880.8,3,0,16,15,34
8809,880.9,3,0,16,15,34
8810,881.0,3,0,16,16,35
8811,881.1,3,0,16,16,35
8812,881.2,3,0,16,15,34
8813,881.3,4,0,15,16,35
8814,881.4,4,0,14,15,33
8815,881.5,4,0,15,13,32
8816,881.6,4,0,14,14,32
8817,881.7,4,0,15,14,33
8818,881.8,4,0,15,13,32
8819,881.9,4,0,15,13,32
8820,882.0,4,0,15,13,32
8821,882.1,4,0,15,12,31
8822,882.2,4,0,15,12,31
8823,882.3,4,0,15,12,31
8824,882.4,4,0,14,12,30
8825,882.5,4,0,15,10,29
8826,882.6,4,0,14,11,29
8827,882.7,4,0,14,11,29
8828,882.8,4,0,13,10,27
8829,882.9,4,0,13,10,27
8830,883.0,4,0,12,10,26
8831,883.1,4,1,12,10,27
8832,883.2,4,1,12,10,27
8833,883.3,4,1,12,9,26
8834,883.4,4,1,13,7,25
8835,883.5,4,1,13,7,25
8836,883.6,4,1,13,7,25
8837,883.7,4,1,11,7,23
8838,883.8,4,1,11,7,23
8839,883.9,4,1,12,7,24
8840,884.0,4,1,12,7,24
8841,884.1,4,1,10,6,21
8842,884.2,4,1,12,7,24
8843,884.3,4,1,13,7,25
8844,884.4,4,2,11,7,24
8845,884.5,4,2,13,7,26
8846,884.6,4,2,12,7,25
8847,884.7,4,2,13,7,26
8848,884.8,4,2,13,6,25
8849,884.9,4,2,12,6,24
8850,885.0,4,2,11,6,23
8851,885.1,4,2,11,7,24
8852,885.2,4,2,10,6,22
8853,885.3,4,2,11,6,23
8854,885.4,4,2,8,6,20
8855,885.5,4,2,11,6,23
8856,885.6,4,2,11,6,23
8857,885.7,4,2,11,6,23
8858,885.8,4,2,11,7,24
8859,885.9,4,2,10,6,22
8860,886.0,4,2,11,6,23
8861,886.1,4,2,11,6,23
8862,886.2,4,2,12,6,24
8863,886.3,4,2,12,6,24
8864,886.4,4,2,11,6,23
8865,886.5,4,2,11,6,23
8866,886.6,4,2,11,6,23
8867,886.7,4,2,11,6,23
8868,886.8,4,2,12,6,24
8869,886.9,4,2,12,6,24
8870,887.0,4,2,14,7,27
8871,887.1,4,2,14,6,26
8872,887.2,4,2,14,6,26
8873,887.3,4,2,13,6,25
8874,887.4,4,2,13,6,25
8875,887.5,4,2,13,6,25
8876,887.6,4,2,14,6,26
8877,887.7,4,2,12,6,24
8878,887.8,4,3,13,6,26
8879,887.9,4,3,12,6,25
8880,888.0,4,3,12,6,25
8881,888.1,4,3,12,6,25
8882,888.2,4,3,11,6,24
8883,888.3,4,3,14,6,27
8884,888.4,4,3,13,6,26
8885,888.5,4,3,14,6,27
8886,888.6,4,3,13,6,26
8887,888.7,4,3,13,6,26
8888,888.8,4,3,13,6,26
8889,888.9,4,3,13,5,25
8890,889.0,4,3,12,6,25
8891,889.1,4,3,13,6,26
8892,889.2,4,3,13,6,26
8893,889.3,4,3,14,6,27
8894,889.4,4,3,14,5,26
8895,889.5,4,3,15,5,27
8896,889.6,4,3,15,6,28
8897,889.7,4,3,16,6,29
8898,889.8,4,3,16,6,29
8899,889.9,4,3,16,7,30
8900,890.0,4,3,15,6,28
8901,890.1,4,3,15,6,28
8902,890.2,4,3,16,6,29
8903,890.3,4,3,15,6,28
8904,890.4,4,3,14,6,27
8905,890.5,4,3,13,5,25
8906,890.6,4,4,14,6,28
8907,890.7,5,4,14,6,29
8908,890.8,5,4,12,6,27
8909,890.9,5,4,14,6,29
8910,891.0,5,4,15,5,29
8911,891.1,5,4,16,6,31
8912,891.2,5,4,15,6,30
8913,891.3,5,4,15,6,30
8914,891.4,5,4,16,6,31
8915,891.5,5,4,15,5,29
8916,891.6,5,4,15,5,29
8917,891.7,5,4,15,5,29
8918,891.8,5,4,16,5,30
8919,891.9,5,4,14,5,28
8920,892.0,5,3,15,5,28
8921,892.1,5,4,14,5,28
8922,892.2,5,3,14,5,27
8923,892.3,5,3,15,5,28
8924,892.4,5,3,15,5,28
8925,892.5,5,3,15,5,28
8926,892.6,5,3,15,5,28
8927,892.7,5,3,15,4,27
8928,892.8,5,3,14,5,27
8929,892.9,5,4,14,6,29
8930,893.0,5,4,14,6,29
8931,893.1,5,3,15,5,28
8932,893.2,5,3,15,4,27
8933,893.3,5,4,15,5,29
8934,893.4,5,4,15,5,29
8935,893.5,5,5,15,4,29
8936,893.6,5,4,15,4,28
8937,893.7,5,5,15,4,29
8938,893.8,5,5,15,4,29
8939,893.9,5,5,15,3,28
8940,894.0,5,4,15,3,27
8941,894.1,5,5,14,3,27
8942,894.2,5,5,15,2,27
8943,894.3,5,5,15,2,27
8944,894.4,5,4,15,2,26
8945,894.5,5,5,15,2,27
8946,894.6,5,5,15,2,27
8947,894.7,5,5,17,2,29
8948,894.8,5,5,17,2,29
8949,894.9,5,5,18,2,30
8950,895.0,5,5,16,2,28
8951,895.1,5,5,17,2,29
8952,895.2,5,5,17,2,29
8953,895.3,5,4,17,2,28
8954,895.4,5,5,16,2,28
8955,895.5,5,5,16,2,28
8956,895.6,5,5,16,2,28
8957,895.7,5,5,15,2,27
8958,895.8,5,4,14,2,25
8959,895.9,5,5,13,2,25
8960,896.0,5,4,13,2,24
8961,896.1,5,4,13,2,24
8962,896.2,5,5,13,2,25
8963,896.3,5,6,13,2,26
8964,896.4,5,6,13,2,26
8965,896.5,5,6,13,2,26
8966,896.6,5,6,13,2,26
8967,896.7,5,6,13,2,26
8968,896.8,5,6,13,2,26
8969,896.9,5,6,12,2,25
8970,897.0,5,6,12,2,25
8971,897.1,6,6,12,2,26
8972,897.2,6,5,12,2,25
8973,897.3,6,5,12,1,24
8974,897.4,6,5,12,2,25
8975,897.5,6,5,12,2,25
8976,897.6,6,5,12,2,25
8977,897.7,6,5,13,2,26
8978,897.8,6,5,13,2,26
8979,897.9,6,5,12,2,25
8980,898.0,6,5,14,1,26
8981,898.1,6,5,13,2,26
8982,898.2,6,5,13,2,26
8983,898.3,6,5,13,2,26
8984,898.4,6,5,13,2,26
8985,898.5,6,5,13,1,25
8986,898.6,6,5,13,1,25
8987,898.7,6,4,13,1,24
8988,898.8,6,4,13,1,24
8989,898.9,6,4,12,1,23
8990,899.0,6,4,12,1,23
8991,899.1,6,4,13,1,24
8992,899.2,6,4,14,1,25
8993,899.3,6,4,13,1,24
8994,899.4,6,4,13,1,24
8995,899.5,6,4,12,1,23
8996,899.6,6,4,13,1,24
8997,899.7,6,4,13,1,24
8998,899.8,6,4,13,1,24
8999,899.9,6,4,13,1,24
9000,900.0,6,4,13,1,24
9001,900.1,6,4,13,1,24
9002,900.2,6,4,13,1,24
9003,900.3,6,4,13,1,24
9004,900.4,7,4,12,1,24
9005,900.5,7,4,12,1,24
9006,900.6,6,4,12,1,23
9007,900.7,6,4,12,1,23
9008,900.8,8,4,12,1,25
9009,900.9,8,4,12,1,25
9010,901.0,8,4,11,1,24
9011,901.1,8,4,11,1,24
9012,901.2,8,4,10,1,23
9013,901.3,8,4,10,1,23
9014,901.4,8,4,10,1,23
9015,901.5,8,4,10,2,24
9016,901.6,8,4,10,2,24
9017,901.7,8,4,10,2,24
9018,901.8,8,4,10,2,24
9019,901.9,8,4,9,2,23
9020,902.0,8,4,9,2,23
9021,902.1,8,4,9,2,23
9022,902.2,8,4,9,2,23
9023,902.3,8,4,9,2,23
9024,902.4,8,4,8,2,22
9025,902.5,8,4,9,2,23
9026,902.6,8,4,9,2,23
9027,902.7,8,4,8,2,22
9028,902.8,8,4,9,2,23
9029,902.9,8,4,9,2,23
9030,903.0,8,4,9,2,23
9031,903.1,8,4,8,2,22
9032,903.2,8,4,8,2,22
9033,903.3,8,4,9,2,23
9034,903.4,8,4,9,2,23
9035,903.5,8,4,8,2,22
9036,903.6,8,4,8,2,22
9037,903.7,8,4,8,2,22
9038,903.8,8,4,8,2,22
9039,903.9,8,4,8,3,23
9040,904.0,8,4,8,2,22
9041,904.1,8,4,8,2,22
9042,904.2,8,4,8,2,22
9043,904.3,8,5,8,2,23
9044,904.4,8,5,8,2,23
9045,904.5,8,5,8,2,23
9046,904.6,8,5,8,2,23
9047,904.7,8,5,7,3,23
9048,904.8,8,5,7,3,23
9049,904.9,8,5,6,3,22
9050,905.0,8,5,6,3,22
9051,905.1,8,5,6,3,22
9052,905.2,8,5,6,3,22
9053,905.3,8,5,5,4,22
9054,905.4,8,5,5,4,22
9055,905.5,8,5,6,4,23
9056,905.6,8,5,6,3,22
9057,905.7,8,5,6,3,22
9058,905.8,8,5,6,3,22
9059,905.9,8,5,6,4,23
9060,906.0,8,5,7,3,23
9061,906.1,8,5,6,3,22
9062,906.2,8,5,7,3,23
9063,906.3,8,5,7,3,23
9064,906.4,8,5,6,3,22
9065,906.5,8,5,6,4,23
9066,906.6,8,5,6,5,24
9067,906.7,8,4,6,5,23
9068,906.8,8,5,6,5,24
9069,906.9,8,5,6,5,24
9070,907.0,8,5,6,5,24
9071,907.1,8,5,6,5,24
9072,907.2,8,5,6,5,24
9073,907.3,8,5,6,5,24
9074,907.4,8,5,6,5,24
9075,907.5,8,5,7,5,25
9076,907.6,8,5,7,5,25
9077,907.7,8,5,7,5,25
9078,907.8,8,5,6,4,23
9079,907.9,8,5,6,4,23
9080,908.0,8,5,6,5,24
9081,908.1,8,5,7,5,25
9082,908.2,8,5,6,5,24
9083,908.3,8,5,7,5,25
9084,908.4,8,5,7,5,25
9085,908.5,8,5,6,5,24
9086,908.6,8,5,6,5,24
9087,908.7,8,5,6,6,25
9088,908.8,8,5,6,6,25
9089,908.9,8,5,7,5,25
9090,909.0,8,5,6,5,24
9091,909.1,8,5,6,5,24
9092,909.2,8,5,6,5,24
9093,909.3,8,5,6,5,24
9094,909.4,8,5,7,4,24
9095,909.5,8,5,6,5,24
9096,909.6,8,5,6,5,24
9097,909.7,8,5,6,5,24
9098,909.8,8,5,6,4,23
9099,909.9,8,5,6,4,23
9100,910.0,8,4,6,4,22
9101,910.1,8,5,6,5,24
9102,910.2,8,5,6,4,23
9103,910.3,8,5,6,4,23
9104,910.4,8,5,6,5,24
9105,910.5,8,5,6,4,23
9106,910.6,8,5,6,3,22
9107,910.7,8,5,6,2,21
9108,910.8,8,5,6,4,23
9109,910.9,8,4,6,4,22
9110,911.0,8,4,5,4,21
9111,911.1,8,4,5,4,21
9112,911.2,8,3,5,5,21
9113,911.3,8,4,6,4,22
9114,911.4,8,4,6,4,22
9115,911.5,8,5,7,5,25
9116,911.6,8,5,7,5,25
9117,911.7,8,5,7,4,24
9118,911.8,8,6,7,4,25
9119,911.9,8,6,6,5,25
9120,912.0,8,6,6,5,25
9121,912.1,8,6,6,4,24
9122,912.2,8,6,6,3,23
9123,912.3,8,6,6,4,24
9124,912.4,8,6,6,4,24
9125,912.5,8,6,6,4,24
9126,912.6,8,6,6,4,24
9127,912.7,8,6,6,5,25
9128,912.8,8,6,6,4,24
9129,912.9,8,6,6,4,24
9130,913.0,8,6,6,4,24
9131,913.1,8,6,6,4,24
9132,913.2,8,6,6,4,24
9133,913.3,9,6,6,4,25
9134,913.4,9,6,6,4,25
9135,913.5,9,6,6,3,24
9136,913.6,9,6,6,3,24
9137,913.7,9,6,6,4,25
9138,913.8,9,6,6,4,25
9139,913.9,9,6,6,4,25
9140,914.0,9,6,6,4,25
9141,914.1,9,6,6,4,25
9142,914.2,9,6,6,3,24
9143,914.3,9,6,6,4,25
9144,914.4,9,6,6,4,25
9145,914.5,9,6,6,3,24
9146,914.6,9,6,8,4,27
9147,914.7,9,5,8,4,26
9148,914.8,9,5,8,5,27
9149,914.9,9,5,7,5,26
9150,915.0,9,5,7,4,25
9151,915.1,9,5,7,4,25
9152,915.2,9,5,7,5,26
9153,915.3,9,5,8,5,27
9154,915.4,9,5,8,4,26
9155,915.5,9,4,7,5,25
9156,915.6,9,4,7,4,24
9157,915.7,9,4,7,4,24
9158,915.8,9,4,7,4,24
9159,915.9,9,4,7,2,22
9160,916.0,9,4,8,3,24
9161,916.1,9,5,8,3,25
9162,916.2,8,5,7,3,23
9163,916.3,8,5,7,3,23
9164,916.4,8,5,7,3,23
9165,916.5,8,5,6,3,22
9166,916.6,8,5,8,3,24
9167,916.7,8,5,8,3,24
9168,916.8,8,5,8,3,24
9169,916.9,8,5,8,2,23
9170,917.0,8,5,8,3,24
9171,917.1,8,5,8,3,24
9172,917.2,8,5,8,3,24
9173,917.3,8,5,8,3,24
9174,917.4,8,5,8,3,24
9175,917.5,8,5,8,3,24
9176,917.6,8,5,8,3,24
9177,917.7,8,5,8,3,24
9178,917.8,8,5,8,3,24
9179,917.9,8,6,8,3,25
9180,918.0,8,6,8,3,25
9181,918.1,8,6,7,3,24
9182,918.2,8,6,8,3,25
9183,918.3,8,6,8,3,25
9184,918.4,8,6,8,2,24
9185,918.5,8,6,8,3,25
9186,918.6,8,6,8,3,25
9187,918.7,8,6,8,3,25
9188,918.8,8,6,9,3,26
9189,918.9,8,6,9,3,26
9190,919.0,8,6,9,3,26
9191,919.1,8,6,9,3,26
9192,919.2,8,5,9,3,25
9193,919.3,8,5,8,3,24
9194,919.4,8,5,8,3,24
9195,919.5,7,5,8,3,23
9196,919.6,7,5,8,3,23
9197,919.7,7,5,8,3,23
9198,919.8,7,5,9,3,24
9199,919.9,7,5,8,3,23
9200,920.0,7,5,7,3,22
9201,920.1,7,5,7,3,22
9202,920.2,8,5,7,3,23
9203,920.3,8,5,6,3,22
9204,920.4,8,5,6,2,21
9205,920.5,8,5,6,2,21
9206,920.6,8,5,6,3,22
9207,920.7,8,5,7,3,23
9208,920.8,8,5,7,3,23
9209,920.9,8,5,8,3,24
9210,921.0,8,5,8,2,23
9211,921.1,8,5,7,2,22
9212,921.2,8,5,7,3,23
9213,921.3,8,5,9,2,24
9214,921.4,7,5,8,3,23
9215,921.5,7,5,8,2,22
9216,921.6,7,5,8,3,23
9217,921.7,7,5,9,3,24
9218,921.8,7,5,9,3,24
9219,921.9,7,5,9,3,24
9220,922.0,7,5,9,3,24
9221,922.1,7,6,9,3,25
9222,922.2,7,6,9,3,25
9223,922.3,7,6,9,3,25
9224,922.4,7,6,9,3,25
9225,922.5,7,6,9,3,25
9226,922.6,7,6,9,2,24
9227,922.7,7,7,9,3,26
9228,922.8,7,7,9,3,26
9229,922.9,7,7,9,2,25
9230,923.0,7,7,9,2,25
9231,923.1,7,7,9,2,25
9232,923.2,7,7,9,2,25
9233,923.3,8,7,9,2,26
9234,923.4,8,7,9,2,26
9235,923.5,8,7,9,2,26
9236,923.6,8,7,9,2,26
9237,923.7,8,6,9,2,25
9238,923.8,8,6,9,2,25
9239,923.9,9,6,9,2,26
9240,924.0,9,6,9,2,26
9241,924.1,9,6,9,2,26
9242,924.2,9,6,9,2,26
9243,924.3,9,6,9,2,26
9244,924.4,9,6,9,1,25
9245,924.5,9,6,9,2,26
9246,924.6,9,6,8,2,25
9247,924.7,8,6,8,2,24
9248,924.8,8,6,8,2,24
9249,924.9,8,6,9,2,25
9250,925.0,8,6,9,2,25
9251,925.1,8,6,9,1,24
9252,925.2,8,6,8,3,25
9253,925.3,8,6,9,3,26
9254,925.4,8,6,8,3,25
9255,925.5,8,6,8,3,25
9256,925.6,8,6,9,3,26
9257,925.7,8,6,9,3,26
9258,925.8,8,6,8,3,25
9259,925.9,8,6,8,3,25
9260,926.0,8,6,8,3,25
9261,926.1,8,6,8,3,25
9262,926.2,8,6,8,3,25
9263,926.3,8,6,8,3,25
9264,926.4,8,6,8,3,25
9265,926.5,8,6,8,3,25
9266,926.6,7,6,8,3,24
9267,926.7,7,6,8,3,24
9268,926.8,7,5,8,3,23
9269,926.9,7,6,8,3,24
9270,927.0,7,6,8,3,24
9271,927.1,7,6,8,3,24
9272,927.2,7,6,8,3,24
9273,927.3,7,6,8,3,24
9274,927.4,7,6,8,3,24
9275,927.5,7,6,8,3,24
9276,927.6,7,5,8,3,23
9277,927.7,7,5,8,3,23
9278,927.8,7,5,8,3,23
9279,927.9,7,5,8,3,23
9280,928.0,7,4,8,3,22
9281,928.1,7,4,8,4,23
9282,928.2,7,4,8,3,22
9283,928.3,7,4,8,4,23
9284,928.4,7,4,8,4,23
9285,928.5,7,5,8,4,24
9286,928.6,7,5,8,5,25
9287,928.7,7,5,8,5,25
9288,928.8,7,4,8,5,24
9289,928.9,7,4,8,5,24
9290,929.0,7,4,8,5,24
9291,929.1,6,4,9,5,24
9292,929.2,6,4,9,5,24
9293,929.3,6,4,9,6,25
9294,929.4,6,4,9,6,25
9295,929.5,6,4,8,6,24
9296,929.6,6,4,8,7,25
9297,929.7,6,4,8,7,25
9298,929.8,6,4,8,7,25
9299,929.9,5,4,8,7,24
9300,930.0,5,4,8,7,24
9301,930.1,5,4,8,7,24
9302,930.2,5,4,8,7,24
9303,930.3,5,4,8,7,24
9304,930.4,5,4,8,7,24
9305,930.5,5,3,8,7,23
9306,930.6,5,3,8,7,23
9307,930.7,5,4,8,7,24
9308,930.8,5,4,8,7,24
9309,930.9,5,3,8,7,23
9310,931.0,5,4,9,7,25
9311,931.1,5,3,9,7,24
9312,931.2,5,3,8,7,23
9313,931.3,5,3,9,7,24
9314,931.4,5,4,9,7,25
9315,931.5,5,4,9,7,25
9316,931.6,5,4,9,7,25
9317,931.7,5,4,9,7,25
9318,931.8,5,4,9,7,25
9319,931.9,5,3,9,7,24
9320,932.0,5,3,9,7,24
9321,932.1,5,3,9,7,24
9322,932.2,5,3,9,7,24
9323,932.3,5,3,9,6,23
9324,932.4,5,3,9,6,23
9325,932.5,5,3,9,6,23
9326,932.6,5,3,9,6,23
9327,932.7,5,3,9,6,23
9328,932.8,5,3,9,6,23
9329,932.9,5,3,9,6,23
9330,933.0,5,3,9,6,23
9331,933.1,5,3,9,6,23
9332,933.2,5,3,9,6,23
9333,933.3,5,3,9,6,23
9334,933.4,5,3,9,6,23
9335,933.5,5,3,9,6,23
9336,933.6,5,3,9,5,22
9337,933.7,5,3,9,5,22
9338,933.8,5,3,9,4,21
9339,933.9,5,3,9,4,21
9340,934.0,5,3,9,4,21
9341,934.1,5,3,9,4,21
9342,934.2,5,3,9,4,21
9343,934.3,5,3,9,4,21
9344,934.4,5,3,9,4,21
9345,934.5,5,3,9,4,21
9346,934.6,5,3,9,4,21
9347,934.7,5,3,9,4,21
9348,934.8,5,3,9,4,21
9349,934.9,5,3,9,4,21
9350,935.0,5,3,9,5,22
9351,935.1,6,3,9,5,23
9352,935.2,6,3,10,4,23
9353,935.3,6,3,10,5,24
9354,935.4,6,3,10,5,24
9355,935.5,6,3,10,5,24
9356,935.6,7,3,9,5,24
9357,935.7,7,3,9,5,24
9358,935.8,7,3,9,5,24
9359,935.9,7,3,10,6,26
9360,936.0,7,3,10,6,26
9361,936.1,7,3,10,5,25
9362,936.2,7,3,10,4,24
9363,936.3,7,3,10,6,26
9364,936.4,7,3,10,6,26
9365,936.5,7,3,10,6,26
9366,936.6,7,3,10,6,26
9367,936.7,7,3,10,6,26
9368,936.8,7,3,10,5,25
9369,936.9,7,3,10,6,26
9370,937.0,7,3,10,6,26
9371,937.1,6,3,9,7,25
9372,937.2,6,3,10,7,26
9373,937.3,6,3,10,7,26
9374,937.4,6,3,10,6,25
9375,937.5,6,3,10,6,25
9376,937.6,6,3,10,7,26
9377,937.7,7,3,10,7,27
9378,937.8,7,3,10,7,27
9379,937.9,7,4,10,8,29
9380,938.0,7,4,10,8,29
9381,938.1,7,4,10,7,28
9382,938.2,7,4,10,8,29
9383,938.3,7,4,10,8,29
9384,938.4,8,4,10,8,30
9385,938.5,8,4,11,8,31
9386,938.6,8,4,11,7,30
9387,938.7,8,4,11,7,30
9388,938.8,8,4,11,8,31
9389,938.9,8,4,11,8,31
9390,939.0,8,4,11,8,31
9391,939.1,8,4,11,9,32
9392,939.2,8,4,11,9,32
9393,939.3,8,4,11,9,32
9394,939.4,8,4,11,9,32
9395,939.5,8,4,11,9,32
9396,939.6,8,4,11,9,32
9397,939.7,8,4,11,9,32
9398,939.8,8,4,11,9,32
9399,939.9,8,4,11,9,32
9400,940.0,8,4,11,9,32
9401,940.1,8,4,11,9,32
9402,940.2,8,4,11,9,32
9403,940.3,8,4,11,9,32
9404,940.4,8,4,12,9,33
9405,940.5,8,4,11,9,32
9406,940.6,8,4,10,9,31
9407,940.7,8,5,10,9,32
9408,940.8,8,5,8,9,30
9409,940.9,8,5,9,9,31
9410,941.0,7,5,8,9,29
9411,941.1,7,5,10,9,31
9412,941.2,7,5,12,10,34
9413,941.3,7,5,12,10,34
9414,941.4,7,5,12,11,35
9415,941.5,6,5,12,10,33
9416,941.6,6,5,11,10,32
9417,941.7,6,5,11,10,32
9418,941.8,6,5,10,11,32
9419,941.9,6,5,10,11,32
9420,942.0,6,5,9,11,31
9421,942.1,6,5,10,11,32
9422,942.2,6,5,10,10,31
9423,942.3,6,5,10,10,31
9424,942.4,6,5,8,10,29
9425,942.5,6,6,8,10,30
9426,942.6,6,6,8,10,30
9427,942.7,6,6,8,10,30
9428,942.8,7,6,9,9,31
9429,942.9,7,6,9,10,32
9430,943.0,7,6,8,10,31
9431,943.1,8,6,7,9,30
9432,943.2,8,6,7,10,31
9433,943.3,8,5,11,11,35
9434,943.4,8,5,9,11,33
9435,943.5,7,5,9,10,31
9436,943.6,7,5,11,10,33
9437,943.7,7,5,10,11,33
9438,943.8,7,5,12,11,35
9439,943.9,7,5,11,11,34
9440,944.0,6,5,10,11,32
9441,944.1,6,5,11,11,33
9442,944.2,6,5,10,11,32
9443,944.3,6,5,10,11,32
9444,944.4,6,5,10,10,31
9445,944.5,6,3,10,10,29
9446,944.6,5,3,11,9,28
9447,944.7,5,3,11,10,29
9448,944.8,4,3,10,9,26
9449,944.9,4,3,10,9,26
9450,945.0,4,3,10,11,28
9451,945.1,3,3,11,10,27
9452,945.2,3,3,10,10,26
9453,945.3,3,3,10,9,25
9454,945.4,3,3,10,8,24
9455,945.5,3,3,11,8,25
9456,945.6,3,3,10,9,25
9457,945.7,3,3,11,10,27
9458,945.8,3,3,8,9,23
9459,945.9,3,3,9,10,25
9460,946.0,3,3,10,10,26
9461,946.1,3,3,8,10,24
9462,946.2,3,3,9,10,25
9463,946.3,3,3,8,10,24
9464,946.4,3,3,8,10,24
